Workbook

Sheet BT
A1: STT | B1: Vùng | C1: Tỉnh thành | D1: Đói tác | E1: Block | F1: Số HĐ | G1: Tên đầy đủ | H1: Thời gian tạo | I1: Tồn giờ | J1: Hạn còn lại | K1: Ngày hẹn Xanh | L1: Ngày hẹn đỏ | M1: Múi hẹn xanh | N1: Múi hẹn đỏ | O1: Số lần hẹn | P1: CL Lặp | Q1: Loại checklist | R1: Nguồn tạo | S1: Nhân sự | T1: TTCL | U1: TsTc | V1: KH Giục Tiến Độ | W1: Ghi Chú CC | X1: Ghi Chú KTV Gần Nhất | Y1: Gói dịch vụ | Z1: Loại DV | AA1: Độ Ưu Tiên | AB1: Dịch vụ 1 | AC1: TTSCBĐ 1 | AD1: Dịch vụ 2 | AE1: TTSCBĐ 2 | AF1: Dịch vụ 3 | AG1: TTSCBĐ 3 | AH1: Dịch vụ 4 | AI1: TTSCBĐ 4 | AJ1: Dịch vụ 5 | AK1: TTSCBĐ 5 | AL1: POP | AM1: Kiểm soát | AN1: Trưởng bầy
A2: 1 | B2: Tây Bắc Bộ | C2: Tuyên Quang | D2: TQTo TIN | E2: Xa Yen Son-001 | F2: TQFD22274 | G2: PHẠM XUÂN KHÁNH | H2: 16/09/2026 09:30:16 | I2: 196 | J2: -171.867 | L2: 18/09/2026 | N2: 15:30 - 17:30 | O2: 4 | P2: 1 | Q2: Thường | R2: SR-HTKT | S2: TQGTI.TUNGDT4 | T2: Đang XL | U2: TQGP008.0076/HO-5/5-G | W2: 0856593327 kh báo mạng chập chờn, suy hao cao, nhờ kt hỗ trợ | X2: >> TQGTI.TUNGDT4 18/09/2026 17:20:07: kh bao van xu dung bt , duong day lh di theo day trung the qua duong quoc lo kt kothe ha suy hao nua . kh bao van dung ok | Y2: Giga | Z2: Internet | AA2: Support | AB2: Internet | AC2: Có tín hiệu quang nhưng không ổn định / suy hao không đạt chuẩn | AL2: =LEFT(U2,7) -> TQGP008 | AN2: =VLOOKUP(S2,Sheet1!$C:$D,2,0) -> TRANGHT28
A3: 2 | B3: Tây Bắc Bộ | C3: Tuyên Quang | D3: TQTo TIN | E3: Xa Dong Tho-001 | F3: TQAAC9017 | G3: Vũ Đình Khải | H3: 17/09/2026 08:56:48 | I3: 140 | J3: -139.867 | K3: 18/09/2026 | M3: 15:30 - 17:30 | O3: 2 | P3: 2 | Q3: Thường | R3: Tao tu MO | S3: TQGTI.HIEUNV38 | T3: Đang XL | U3: TQGP030.0094/HO-2/2-G | W3: TQAAC9017 - 0966707732 - Số chính chủ: kh bao remote box TH lỗi, ktv thay nhưng giờ sd vẫn lỗi, kh muon hủy hd, nhờ ktv hỗ trợ thay lai thiêt bị | X3: >> TQGTI.HIEUNV38 18/09/2026 11:32:01: chưa có box thay | Y3: Sky | Z3: Internet | AA3: Support | AB3: FPT Play | AC3: Lỗi kết nối BOX và TV (TV không nhận tín hiệu từ Box) | AL3: =LEFT(U3,7) -> TQGP030 | AN3: =VLOOKUP(S3,Sheet1!$C:$D,2,0) -> TQG.HANGVTT12
A4: 3 | B4: Tây Bắc Bộ | C4: Tuyên Quang | D4: TQTo TIN | E4: Phuong My Lam-001 | F4: TQAAE7703 | G4: Lò Thị Ngăn | H4: 20/09/2026 21:27:28 | I4: 88 | J4: -83.917 | L4: 24/09/2026 | N4: 15:30 - 17:30 | O4: 5 | P4: 0 | Q4: Thường | R4: SR-HTKT | S4: TQGTI.THANHNV41 | T4: Đã nhận ca | U4: TQGP014.0196/HO-3/3-G | W4: TQAAE7703 - 0392522890 - Kênh tiếp nhận: live-chat - Sender ID: 6aafecf4a470e - SĐT KH cung cấp: Không ghi nhận - Báo hỏng dịch vụ | Y4: Sky | Z4: Internet | AA4: SOS | AB4: Internet | AC4: Không truy cập được một số dịch vụ hoặc website | AL4: =LEFT(U4,7) -> TQGP014 | AN4: =VLOOKUP(S4,Sheet1!$C:$D,2,0) -> ANHHV15
A5: 4 | B5: Tây Bắc Bộ | C5: Tuyên Quang | D5: TQTo TIN | E5: Xa Nhu Khe-001 | F5: TQFD00989 | G5: Nguyen Huu Phuoc | H5: 20/09/2026 21:49:01 | I5: 68 | J5: -67.867 | K5: 21/09/2026 | M5: 15:30 - 17:30 | O5: 2 | P5: 1 | Q5: Thường | R5: SR - Omni (HiFPT) | S5: TQGTI.CAONB | T5: Đang XL | U5: TQGP005.0041/HO-5/5-G | W5: TQFD00989 - 0853241298 - Nguyen Huu Phuoc: Khách hàng báo không xem được truyền hình, chat OB. Nhờ KT qua kiểm tra giúp | X5: >> TQGTI.CAONB 21/09/2026 15:27:31: khách hàng phản ánh xem ngoại hạng anh bị giật đứng hình, đầu box có kết nối qua ap phụ của kh, kĩ thuật đã bấm lại rj45 kết nối trực tiếp với md chính cho kh, rs lại box. tại thời điểm kta truyền hình đã xem bth ko giật lag | Y5: Giga | Z5: Internet | AA5: Support | AB5: Internet | AC5: Có IP WAN, không truy cập được | AL5: =LEFT(U5,7) -> TQGP005 | AN5: =VLOOKUP(S5,Sheet1!$C:$D,2,0) -> ANHHV15
A6: 5 | B6: Tây Bắc Bộ | C6: Tuyên Quang | D6: TQTo TIN | E6: Phuong My Lam-001 | F6: TQFD13770 | G6: NGUYỄN TIẾN QUẢNG | H6: 21/09/2026 15:31:48 | I6: 27 | J6: -27.367 | K6: 23/09/2026 | M6: 08:00 - 10:00 | O6: 1 | P6: 0 | Q6: Thường | R6: SR-HTKT | S6: TQGTI.THANHNV41 | T6: Đang XL | U6: TQGP014.0027/HO-1/1-G | W6: TQFD13770 - 0395372127 - Kênh tiếp nhận: live-chat - Sender ID: 6ab0e79c3cdfe - SĐT KH cung cấp: Không ghi nhận - Báo hỏng dịch vụ | Y6: Giga | Z6: Internet | AA6: SOS | AB6: Internet | AC6: Không truy cập được một số dịch vụ hoặc website | AL6: =LEFT(U6,7) -> TQGP014 | AN6: =VLOOKUP(S6,Sheet1!$C:$D,2,0) -> ANHHV15
A7: 6 | B7: Tây Bắc Bộ | C7: Tuyên Quang | D7: TQTo TIN | E7: Phuong Binh Thuan-010 | F7: TQAAC6846 | G7: TRƯƠNG THỊ TỴ | H7: 21/09/2026 06:26:08 | I7: 27 | J7: -27.367 | K7: 23/09/2026 | M7: 08:00 - 10:00 | O7: 2 | P7: 0 | Q7: Thường | R7: SR - Omni (HiFPT) | S7: TQGTI.DATNB | T7: Đã PC | U7: TQGP013.0192/HO-6/6-G | W7: Mạng chập chờn, không truy cập được | Y7: Giga | Z7: Internet | AA7: Support | AB7: Internet | AC7: Truy cập mạng chậm hoặc chập chờn | AL7: =LEFT(U7,7) -> TQGP013 | AN7: =VLOOKUP(S7,Sheet1!$C:$D,2,0) -> #N/A
A8: 7 | B8: Tây Bắc Bộ | C8: Tuyên Quang | D8: TQTo TIN | E8: Xa Hung Duc-001 | F8: TQAAC0454 | G8: TRẦN VĂN BÍCH | H8: 22/09/2026 13:43:47 | I8: 25 | J8: -25.367 | K8: 23/09/2026 | M8: 10:00 - 12:00 | O8: 2 | P8: 0 | Q8: Thường | R8: SR-HTKT | S8: TQGTI.BINHTH1 | T8: Đã XL-Đang TD | U8: TQGP024.0219/HO-4/4-G | W8: 0338629504 kh báo mất kết nối , bức xúc do trc đó k biết báo ai, nhờ kt hỗ trợ sớm | Y8: Sky | Z8: Internet | AA8: Support | AB8: Internet | AC8: Không có tín hiệu quang (mkn) | AL8: =LEFT(U8,7) -> TQGP024 | AN8: =VLOOKUP(S8,Sheet1!$C:$D,2,0) -> TRANGHT28
A9: 8 | B9: Tây Bắc Bộ | C9: Tuyên Quang | D9: TQTo TIN | E9: Phuong My Lam-001 | F9: TQAAE4800 | G9: Hoàng Văn Tiến | H9: 23/09/2026 11:10:12 | I9: 26 | J9: -22.2 | L9: 24/09/2026 | N9: 15:30 - 17:30 | O9: 2 | P9: 0 | Q9: Thường | R9: SR-HTKT | S9: TQGTI.ANHPH3 | T9: Đã nhận ca | U9: TQGP013.0233/HO-4/4-G | W9: TQAAE4800 - 0326192565 - Kênh tiếp nhận: live-chat - Sender ID: 6ab350e23b716 - SĐT KH cung cấp: 0326192565 - [Missedcall_notiHiFPT] Báo hỏng dịch vụ | X9: >> TQGTI.ANHPH3 23/09/2026 17:30:20: chua xly kip | Y9: Giga | Z9: Internet | AA9: SOS | AB9: Internet | AC9: Không truy cập được một số dịch vụ hoặc website | AL9: =LEFT(U9,7) -> TQGP013 | AN9: =VLOOKUP(S9,Sheet1!$C:$D,2,0) -> HUONGTT33
A10: 9 | B10: Tây Bắc Bộ | C10: Tuyên Quang | D10: TQTo TIN | E10: Xa Chiem Hoa-001 | F10: TQAAC8160 | G10: CHU VĂN LƯƠNG | H10: 23/09/2026 13:50:45 | I10: 24 | J10: -19.533 | L10: 25/09/2026 | N10: 08:00 - 10:00 | O10: 3 | P10: 0 | Q10: Thường | R10: SR-HTKT | S10: TQGTI.TIENVT3 | T10: Đã nhận ca | U10: TQGP033.0381/HO-5/5-G | W10: TQAAC8160 - 0349716782 - Kênh tiếp nhận: live-chat - Sender ID: 6ab3767e8d3a5 - SĐT KH cung cấp: Không ghi nhận - Báo hỏng dịch vụ | Y10: Sky | Z10: Internet | AA10: SOS | AB10: Internet | AC10: Không truy cập được một số dịch vụ hoặc website | AL10: =LEFT(U10,7) -> TQGP033 | AN10: =VLOOKUP(S10,Sheet1!$C:$D,2,0) -> UYENHT15
A11: 10 | B11: Tây Bắc Bộ | C11: Tuyên Quang | D11: TQTo TIN | E11: Xa Dong Tho-001 | F11: TQAAE1876 | G11: NỊNH VĂN THƯỢNG | H11: 23/09/2026 20:05:45 | I11: 17 | J11: -13.283 | L11: 24/09/2026 | N11: 13:30 - 15:30 | O11: 2 | P11: 0 | Q11: Thường | R11: SR-HTKT | S11: TQGTI.NGHIANV6 | T11: Đã nhận ca | U11: TQGP032.0453/HO-2/2-G | W11: TQAAE1876 - 0347637834 - Kênh tiếp nhận: live-chat - Sender ID: 6ab3ce466d87d - SĐT KH cung cấp: 0357662549 - Báo hỏng dịch vụ | Y11: Sky | Z11: Internet | AA11: SOS | AB11: Internet | AC11: Không truy cập được một số dịch vụ hoặc website | AL11: =LEFT(U11,7) -> TQGP032 | AN11: =VLOOKUP(S11,Sheet1!$C:$D,2,0) -> LYHK7
A12: 11 | B12: Tây Bắc Bộ | C12: Tuyên Quang | D12: TQTo TIN | E12: Xa Phu Luong-001 | F12: TQAAC8944 | G12: BÙI THANH TÙNG | H12: 23/09/2026 09:11:32 | I12: 28 | J12: -4.183 | L12: 24/09/2026 | N12: 13:30 - 15:30 | O12: 4 | P12: 0 | Q12: Thường | R12: SR-HTKT | S12: TQGTI.QUYETNT1 | T12: Đã nhận ca | U12: TQGP032.0160/HO-3/3-G | W12: 0983126725 kh báo mạng cc | Y12: Sky | Z12: Internet | AA12: Support | AB12: Internet | AC12: KH yêu cầu di chuyển Modem | AL12: =LEFT(U12,7) -> TQGP032 | AN12: =VLOOKUP(S12,Sheet1!$C:$D,2,0) -> TAMVTT5
A13: 12 | B13: Tây Bắc Bộ | C13: Tuyên Quang | D13: TQTo TIN | E13: Xa Son Duong-002 | F13: TQAAB1898 | G13: Dùng Văn Thọ | H13: 23/09/2026 17:36:50 | I13: 1 | J13: -1.367 | K13: 24/09/2026 | M13: 10:00 - 12:00 | O13: 1 | P13: 0 | Q13: Thường | R13: SR-HTKT | S13: TQGTI.GIANGLV2 | T13: Đang XL | U13: TQGP021.0125/HO-10/10-G | W13: Kh muốn mua điều khiển nhờ KT hỗ trợ | X13: >> TQG.HangVTT12 24/09/2026 09:34:14: nhờ KT thu luôn tiền cước cho KH giúp | Y13: Giga | Z13: Internet | AA13: Support | AB13: Internet | AC13: KH cần thay/ lắp đặt/ cài đặt thiết bị modem, AP, Box, Camera | AL13: =LEFT(U13,7) -> TQGP021 | AN13: =VLOOKUP(S13,Sheet1!$C:$D,2,0) -> TQG.HANGVTT12
A14: 13 | B14: Tây Bắc Bộ | C14: Tuyên Quang | D14: TQTo TIN | E14: Xa Ham Yen-001 | F14: TQAAC6838 | G14: ĐỖ VĂN THẮNG | H14: 24/09/2026 06:20:41 | I14: 1 | J14: -1.367 | K14: 24/09/2026 | M14: 10:00 - 12:00 | O14: 1 | P14: 0 | Q14: Thường | R14: SR - Omni | S14: TQGTI.CAOTT | T14: Đang XL | U14: TQGP029.0456/HO-1/1-G | W14: TQAAC6838 - 0354998185 - DO VAN THANG:KH báo mất tín hiệu, tình trạng Enable- Offline- LOSi,đèn los báo đỏ, tắt bật lại modem, NOK, nhờ KT care | Y14: Sky | Z14: Internet | AA14: Support | AB14: Internet | AC14: Không có tín hiệu quang (mkn) | AL14: =LEFT(U14,7) -> TQGP029 | AN14: =VLOOKUP(S14,Sheet1!$C:$D,2,0) -> UYENHT15
A15: 14 | B15: Tây Bắc Bộ | C15: Tuyên Quang | D15: TQTo TIN | E15: Xa Dong Tho-001 | F15: TQAAA6929 | G15: TRẦN VĂN ĐỨC | H15: 23/09/2026 14:32:00 | I15: 1 | J15: -1.367 | K15: 24/09/2026 | M15: 10:00 - 12:00 | O15: 2 | P15: 0 | Q15: Thường | R15: SR - HiFPT | S15: TQGTI.HIEUNV38 | T15: Đang XL | U15: TQGP017.0196/HO-6/6-G | W15: Checklist app hifpt/ Mạng chập chờn, không truy cập được/ liên hệ số 0346253654 | Y15: Giga | Z15: Internet | AA15: Support | AB15: Internet | AC15: Không có tín hiệu quang (mkn) | AL15: =LEFT(U15,7) -> TQGP017 | AN15: =VLOOKUP(S15,Sheet1!$C:$D,2,0) -> TQG.HANGVTT12
A16: 15 | B16: Tây Bắc Bộ | C16: Tuyên Quang | D16: TQTo TIN | E16: Phuong My Lam-001 | F16: TQAAB2673 | G16: TRẦN THỊ THƯỜNG | H16: 23/09/2026 15:28:25 | I16: 22 | J16: 2.1 | L16: 24/09/2026 | N16: 15:30 - 17:30 | O16: 2 | P16: 0 | Q16: Thường | R16: SR-HTKT | S16: TQGTI.THANHNV41 | T16: Đã nhận ca | U16: TQGP013.0220/HO-7/7-G | W16: 0868078228 KH cần cài đặt lại box. nhờ kt kiểm tra và thu luôn giúp cus tiền cước 1tr320 6T | Y16: Giga | Z16: Internet | AA16: Support | AB16: Internet | AC16: KH báo mất Modem | AL16: =LEFT(U16,7) -> TQGP013 | AN16: =VLOOKUP(S16,Sheet1!$C:$D,2,0) -> ANHHV15
A17: 16 | B17: Tây Bắc Bộ | C17: Tuyên Quang | D17: TQTo TIN | E17: Phuong An Tuong-001 | F17: TQAAC7974 | G17: HÀ VĂN TUY | H17: 23/09/2026 15:51:04 | I17: -2 | J17: 2.133 | K17: 24/09/2026 | M17: 13:30 - 15:30 | O17: 2 | P17: 0 | Q17: Thường | R17: SR - Omni (HiFPT) | S17: TQGTI.GIANGVH2 | T17: Đã nhận ca | U17: TQGP005.0141/HO-3/3-G | W17: Mini app -- | X17: >> TQGTI.GIANGVH2 23/09/2026 17:08:02: hẹn lại | Y17: Sky | Z17: Internet | AA17: Support | AB17: FPT Play | AC17: Truyền hình không xem được tất cả kênh | AL17: =LEFT(U17,7) -> TQGP005 | AN17: =VLOOKUP(S17,Sheet1!$C:$D,2,0) -> ANHHV15
A18: 17 | B18: Tây Bắc Bộ | C18: Tuyên Quang | D18: TQTo TIN | E18: Xa Son Duong-001 | F18: TQFD14202 | G18: TRẦN THỊ DUNG | H18: 24/09/2026 09:56:17 | I18: -2 | J18: 2.133 | K18: 24/09/2026 | M18: 13:30 - 15:30 | O18: 2 | P18: 0 | Q18: Thường | R18: SR-HTKT | S18: TQGTI.HANHPB | T18: Đã nhận ca | U18: TQGP011.0041/HO-1/1-G | W18: 0334069995 KH báo mkn nhờ KT qua kiểm tra | Y18: Giga | Z18: Internet | AA18: Support | AB18: Internet | AC18: Không có tín hiệu quang (mkn) | AL18: =LEFT(U18,7) -> TQGP011 | AN18: =VLOOKUP(S18,Sheet1!$C:$D,2,0) -> TQG.HANGVTT12
A19: 18 | B19: Tây Bắc Bộ | C19: Tuyên Quang | D19: TQTo TIN | E19: Xa Phu Luong-001 | F19: TQAAB1352 | G19: CHU VĂN CHIẾN | H19: 23/09/2026 21:18:41 | I19: -2 | J19: 2.133 | K19: 24/09/2026 | M19: 13:30 - 15:30 | O19: 1 | P19: 0 | Q19: Thường | R19: SR-HTKT | S19: TQGTI.QUANHV1 | T19: Đã nhận ca | U19: TQGP027.0217/HO-6/6-G | W19: TQAAB1352 - 0974544558 - Kênh tiếp nhận: live-chat - Sender ID: 0974544558 - SĐT KH cung cấp: Không ghi nhận - Báo hỏng dịch vụ | Y19: Giga | Z19: Internet | AA19: SOS | AB19: Internet | AC19: Không truy cập được một số dịch vụ hoặc website | AL19: =LEFT(U19,7) -> TQGP027 | AN19: =VLOOKUP(S19,Sheet1!$C:$D,2,0) -> TAMVTT5
A20: 19 | B20: Tây Bắc Bộ | C20: Tuyên Quang | D20: TQTo TIN | E20: Xa Phu Luong-001 | F20: TQAAB9349 | G20: NGUYỄN MINH HIỀN | H20: 23/09/2026 17:36:56 | I20: -2 | J20: 2.133 | K20: 24/09/2026 | M20: 13:30 - 15:30 | O20: 1 | P20: 0 | Q20: Thường | R20: SR-HTKT | S20: TQGTI.QUYETNT1 | T20: Đã nhận ca | U20: TQGP031.0167/HO-5/5-G | W20: Kh báo mkn | Y20: Giga | Z20: Internet | AA20: Support | AB20: Internet | AC20: Không có tín hiệu quang (mkn) | AL20: =LEFT(U20,7) -> TQGP031 | AN20: =VLOOKUP(S20,Sheet1!$C:$D,2,0) -> TAMVTT5
A21: 20 | B21: Tây Bắc Bộ | C21: Tuyên Quang | D21: TQTo TIN | E21: Xa Son Duong-002 | F21: TQAAA1264 | G21: TRẦN THỊ THÌN | H21: 24/09/2026 11:33:47 | I21: -2 | J21: 2.133 | K21: 24/09/2026 | M21: 13:30 - 15:30 | O21: 1 | P21: 0 | Q21: Thường | R21: SR-HTKT | S21: TQGTI.GIANGLV2 | T21: Đã nhận ca | U21: TQGP023.0166/HO-6/6-G | W21: 0378768114 KH báo bị sét đánh cháy dây đầu box, wf thì vẫn sd đc nhưng tivi k xem đc nhờ KT qua kiểm tra | Y21: Giga | Z21: Internet | AA21: Support | AB21: FPT Play | AC21: Lỗi hệ thống FPT Play - Không xem được phim truyện/ Truyền hình | AL21: =LEFT(U21,7) -> TQGP023 | AN21: =VLOOKUP(S21,Sheet1!$C:$D,2,0) -> TQG.HANGVTT12
A22: 21 | B22: Tây Bắc Bộ | C22: Tuyên Quang | D22: TQTo TIN | E22: Xa Yen Son-001 | F22: TQAAE3863 | G22: HÀ THỊ ĐÀN | H22: 22/09/2026 08:14:40 | I22: -2 | J22: 2.133 | K22: 24/09/2026 | L22: 23/09/2026 | M22: 13:30 - 15:30 | N22: 15:30 - 17:30 | O22: 4 | P22: 0 | Q22: Thường | R22: SR-HTKT | S22: TQGTI.CUONGDD9 | T22: Đã nhận ca | U22: TQGP038.0403/HO-1/1-G | W22: 0865929712 kh báo MTH k truy cập đc nhờ KT hỗ trợ | Z22: Internet | AA22: Support | AB22: Internet | AC22: Không có tín hiệu quang (mkn) | AL22: =LEFT(U22,7) -> TQGP038 | AN22: =VLOOKUP(S22,Sheet1!$C:$D,2,0) -> TRANGDTH35
A23: 22 | B23: Tây Bắc Bộ | C23: Tuyên Quang | D23: TQTo TIN | E23: Xa Ham Yen-001 | F23: TQAAA3007 | G23: ĐINH THỊ TUYÊN | H23: 24/09/2026 10:21:50 | I23: -2 | J23: 2.133 | K23: 24/09/2026 | M23: 13:30 - 15:30 | O23: 1 | P23: 0 | Q23: Thường | R23: SR-HTKT | S23: TQGTI.TUANLQ2 | T23: Đã PC | U23: TQGP028.0124/HO-1/1-G | W23: 0363527234 kh cần kết nối box | Y23: Giga | Z23: Internet | AA23: Support | AB23: FPT Play | AC23: KH cần thay/ lắp đặt, kết nối BOX | AL23: =LEFT(U23,7) -> TQGP028 | AN23: =VLOOKUP(S23,Sheet1!$C:$D,2,0) -> UYENHT15
A24: 23 | B24: Tây Bắc Bộ | C24: Tuyên Quang | D24: TQTo TIN | E24: Phuong Minh Xuan-001 | F24: TQFD23415 | G24: PHẠM XUÂN HOÀN | H24: 23/09/2026 13:39:00 | I24: -2 | J24: 2.133 | K24: 24/09/2026 | M24: 13:30 - 15:30 | O24: 1 | P24: 0 | Q24: Thường | R24: SR-HTKT | S24: TQGTI.DANGNV | T24: Đã nhận ca | U24: TQGP006.0245/HO-4/4-G | W24: 0376038881 kh báo MTh k truy cập đc nhờ KT hỗ trợ | Y24: Giga | Z24: Internet | AA24: Support | AB24: Internet | AC24: Không có tín hiệu quang (mkn) | AL24: =LEFT(U24,7) -> TQGP006 | AN24: =VLOOKUP(S24,Sheet1!$C:$D,2,0) -> TRANGHT28
A25: 24 | B25: Tây Bắc Bộ | C25: Tuyên Quang | D25: TQTo TIN | E25: Xa Dong Tho-001 | F25: TQFD15425 | G25: VI VĂN QUANG | H25: 23/09/2026 18:51:08 | I25: -2 | J25: 2.133 | K25: 24/09/2026 | M25: 13:30 - 15:30 | O25: 2 | P25: 0 | Q25: Thường | R25: SR - Omni | S25: TQGTI.HIEUNV38 | T25: Đã nhận ca | U25: TQGP021.0116/HO-9/9- | W25: TQFD15425 - 0966467769 - Chd: | Y25: Sky | Z25: Internet | AA25: Support | AB25: Internet | AC25: Không có tín hiệu quang (mkn) | AL25: =LEFT(U25,7) -> TQGP021 | AN25: =VLOOKUP(S25,Sheet1!$C:$D,2,0) -> TQG.HANGVTT12
A26: 25 | B26: Tây Bắc Bộ | C26: Tuyên Quang | D26: TQTo TIN | E26: Xa Son Duong-001 | F26: TQAAC1859 | G26: PHÙNG VĂN TOÀN | H26: 24/09/2026 11:16:10 | I26: -2 | J26: 2.133 | K26: 24/09/2026 | M26: 13:30 - 15:30 | O26: 1 | P26: 0 | Q26: Thường | R26: SR-HTKT | S26: TQGTI.CONGND4 | T26: Đã nhận ca | U26: TQGP022.0096/HO-4/4-G | W26: 0982545280 kh baó MTH k truy cập đc nhờ KT hỗ trợ | Y26: Giga | Z26: Internet | AA26: Support | AB26: Internet | AC26: Không có tín hiệu quang (mkn) | AL26: =LEFT(U26,7) -> TQGP022 | AN26: =VLOOKUP(S26,Sheet1!$C:$D,2,0) -> LYHK7
A27: 26 | B27: Tây Bắc Bộ | C27: Tuyên Quang | D27: TQTo TIN | E27: Xa Phu Luong-001 | F27: TQAAB6047 | G27: NGUYỄN VĂN LA | H27: 23/09/2026 20:35:51 | I27: -2 | J27: 2.133 | K27: 24/09/2026 | M27: 13:30 - 15:30 | O27: 1 | P27: 0 | Q27: Thường | R27: SR-HTKT | S27: TQGTI.QUYETNT1 | T27: Đã nhận ca | U27: TQGP031.0157/HO-5/5-G | W27: TQAAB6047 - 0977118907 - Kênh tiếp nhận: live-chat - Sender ID: 6ab3d57155950 - SĐT KH cung cấp: Không ghi nhận - Báo hỏng dịch vụ | Y27: Giga | Z27: Internet | AA27: SOS | AB27: Internet | AC27: Không truy cập được một số dịch vụ hoặc website | AL27: =LEFT(U27,7) -> TQGP031 | AN27: =VLOOKUP(S27,Sheet1!$C:$D,2,0) -> TAMVTT5
A28: 27 | B28: Tây Bắc Bộ | C28: Tuyên Quang | D28: TQTo TIN | E28: Xa Phu Luong-001 | F28: TQAAA3859 | G28: LIỄU THỊ HÀ | H28: 23/09/2026 20:15:04 | I28: -2 | J28: 2.133 | K28: 24/09/2026 | M28: 13:30 - 15:30 | O28: 1 | P28: 0 | Q28: Thường | R28: SR - Omni | S28: TQGTI.BINHLV6 | T28: Đã PC | U28: TQGP027.0119/HO-2/2-G | W28: TQAAA3859 - 0378457751 - LIỄU THỊ HÀ: | Y28: Giga | Z28: Internet | AA28: Support | AB28: Internet | AC28: Không có tín hiệu quang (mkn) | AL28: =LEFT(U28,7) -> TQGP027 | AN28: =VLOOKUP(S28,Sheet1!$C:$D,2,0) -> TAMVTT5
A29: 28 | B29: Tây Bắc Bộ | C29: Tuyên Quang | D29: TQTo TIN | E29: Xa Ham Yen-001 | F29: TQAAC8589 | G29: THẢO THỊ SUA | H29: 23/09/2026 08:01:49 | I29: -2 | J29: 2.133 | K29: 24/09/2026 | M29: 13:30 - 15:30 | O29: 3 | P29: 0 | Q29: Thường | R29: SR-HTKT | S29: TQGTI.LUCMDC | T29: Đã nhận ca | U29: TQGP028.0348/HO-6/6-G | W29: 0372267714 kh bao mạng kém sd lúc được lúc k | Y29: Sky | Z29: Internet | AA29: Support | AB29: Internet | AC29: WiFi sóng yếu hoặc chập chờn | AL29: =LEFT(U29,7) -> TQGP028 | AN29: =VLOOKUP(S29,Sheet1!$C:$D,2,0) -> UYENHT15
A30: 29 | B30: Tây Bắc Bộ | C30: Tuyên Quang | D30: TQTo TIN | E30: Xa Nhu Khe-001 | F30: TQAAC6416 | G30: PHÙNG HOÀI THU | H30: 23/09/2026 21:48:30 | I30: -2 | J30: 2.133 | K30: 24/09/2026 | M30: 13:30 - 15:30 | O30: 1 | P30: 0 | Q30: Thường | R30: SR - Omni (HiFPT) | S30: TQGTI.KHANHLQ1 | T30: Đã nhận ca | U30: TQGP016.0200/HO-4/4-G | W30: ko báo khi có người | Y30: Giga | Z30: Internet | AA30: Support | AB30: Internet | AC30: Có IP WAN, không truy cập được | AL30: =LEFT(U30,7) -> TQGP016 | AN30: =VLOOKUP(S30,Sheet1!$C:$D,2,0) -> ANHHV15
A31: 30 | B31: Tây Bắc Bộ | C31: Tuyên Quang | D31: TQTo TIN | E31: Xa Son Duong-001 | F31: TQFD11069 | G31: NGUYỄN THÀNH TRUNG | H31: 24/09/2026 10:24:45 | I31: -2 | J31: 2.133 | K31: 24/09/2026 | M31: 13:30 - 15:30 | O31: 1 | P31: 0 | Q31: Thường | R31: SR-HTKT | S31: TQGTI.HANHPB | T31: Đã nhận ca | U31: TQGP011.0135/HO-1/1-G | W31: 0395129786 kh báo k xem đc TH nhờ KT hỗ trợ | Y31: Giga | Z31: Internet | AA31: Support | AB31: FPT Play | AC31: Truyền hình không xem được một vài kênh | AL31: =LEFT(U31,7) -> TQGP011 | AN31: =VLOOKUP(S31,Sheet1!$C:$D,2,0) -> TQG.HANGVTT12
A32: 31 | B32: Tây Bắc Bộ | C32: Tuyên Quang | D32: TQTo TIN | E32: Xa Yen Son-001 | F32: TQAAC7840 | G32: PHẠM ĐÌNH CHI | H32: 23/09/2026 07:30:30 | I32: -2 | J32: 2.133 | K32: 24/09/2026 | M32: 13:30 - 15:30 | O32: 1 | P32: 0 | Q32: Thường | R32: SR-HTKT | S32: TQGTI.TUNGDT4 | T32: Đang XL | U32: TQGP008.0248/HO-7/7-G | W32: TQAAC7840 - 0963212839 - Kênh tiếp nhận: live-chat - Sender ID: 6ab31d5b87743 - SĐT KH cung cấp: Không ghi nhận - Báo hỏng dịch vụ | Y32: Sky | Z32: Internet | AA32: SOS | AB32: Internet | AC32: Không truy cập được một số dịch vụ hoặc website | AL32: =LEFT(U32,7) -> TQGP008 | AN32: =VLOOKUP(S32,Sheet1!$C:$D,2,0) -> TRANGHT28
A33: 32 | B33: Tây Bắc Bộ | C33: Tuyên Quang | D33: TQTo TIN | E33: Xa Phu Luong-001 | F33: TQAAA3950 | G33: PHAN VĂN THÀNH | H33: 23/09/2026 14:20:41 | I33: -2 | J33: 2.133 | K33: 24/09/2026 | M33: 13:30 - 15:30 | O33: 2 | P33: 0 | Q33: Thường | R33: SR - Omni | S33: TQGTI.BINHLV6 | T33: Đã nhận ca | U33: TQGP027.0127/HO-3/3-G | W33: TQAAA3950 - 0969962090 - PHAN VĂN THÀNH: | Y33: Giga | Z33: Internet | AA33: Support | AB33: FPT Play | AC33: Lỗi không sử dụng được tính năng điều khiển giọng nói | AL33: =LEFT(U33,7) -> TQGP027 | AN33: =VLOOKUP(S33,Sheet1!$C:$D,2,0) -> TAMVTT5
A34: 33 | B34: Tây Bắc Bộ | C34: Tuyên Quang | D34: TQTo TIN | E34: Phuong An Tuong-001 | F34: TQAAF0785 | G34: Lê Khánh Ly | H34: 24/09/2026 12:31:09 | I34: -2 | J34: 2.133 | K34: 24/09/2026 | M34: 13:30 - 15:30 | O34: 1 | P34: 0 | Q34: Thường | R34: SR-HTKT | S34: TQGTI.CUONGLM8 | T34: Đã PC | U34: TQGP007.0123/HO-2/2-G | W34: TQAAF0785 - 0904204817 - Kênh tiếp nhận: live-chat - Sender ID: 6ab4b50d1caaf - SĐT KH cung cấp: 0904204817 - Báo hỏng dịch vụ | Y34: Sky | Z34: Internet | AA34: SOS | AB34: Internet | AC34: Không truy cập được một số dịch vụ hoặc website | AL34: =LEFT(U34,7) -> TQGP007 | AN34: =VLOOKUP(S34,Sheet1!$C:$D,2,0) -> LYHK7
A35: 34 | B35: Tây Bắc Bộ | C35: Tuyên Quang | D35: TQTo TIN | E35: Phuong Minh Xuan-001 | F35: TQFD08716 | G35: TRẦN THỊ THÚY | H35: 23/09/2026 17:28:51 | I35: 20 | J35: 4.1 | L35: 24/09/2026 | N35: 13:30 - 15:30 | O35: 2 | P35: 0 | Q35: Thường | R35: SR-HTKT | S35: TQGTI.NAMVD2 | T35: Đã nhận ca | U35: TQGP004.0215/HO-8/8-G | W35: 0346562669 KH báo mkn mạng, nhờ KT xử lý | Y35: Giga | Z35: Internet | AA35: Support | AB35: Internet | AC35: Không có tín hiệu quang (mkn) | AL35: =LEFT(U35,7) -> TQGP004 | AN35: =VLOOKUP(S35,Sheet1!$C:$D,2,0) -> TRANGDTH35
A36: 35 | B36: Tây Bắc Bộ | C36: Tuyên Quang | D36: TQTo TIN | E36: Xa Dong Tho-001 | F36: TQAAC6077 | G36: RIÊU VĂN DOANH | H36: 23/09/2026 18:50:25 | I36: -4 | J36: 4.133 | K36: 24/09/2026 | M36: 15:30 - 17:30 | O36: 2 | P36: 0 | Q36: Thường | R36: SR-HTKT | S36: TQGTI.HIEUNV38 | T36: Đã nhận ca | U36: TQGP018.0144/HO-7/7-G | W36: TQAAC6077 - 0986492110 - Kênh tiếp nhận: live-chat - Sender ID: 6ab3bcc043e3a - SĐT KH cung cấp: Không ghi nhận - Báo hỏng dịch vụ | Y36: Giga | Z36: Internet | AA36: SOS | AB36: Internet | AC36: Không truy cập được một số dịch vụ hoặc website | AL36: =LEFT(U36,7) -> TQGP018 | AN36: =VLOOKUP(S36,Sheet1!$C:$D,2,0) -> TQG.HANGVTT12
A37: 36 | B37: Tây Bắc Bộ | C37: Tuyên Quang | D37: TQTo TIN | E37: Phuong Minh Xuan-001 | F37: TQFD02723 | G37: Nguyen Thi Hue | H37: 23/09/2026 14:09:24 | I37: -4 | J37: 4.133 | K37: 24/09/2026 | L37: 23/09/2026 | M37: 15:30 - 17:30 | N37: 13:30 - 15:30 | O37: 2 | P37: 0 | Q37: Thường | R37: SR-HTKT | S37: TQGTI.DANGNV | T37: Đã nhận ca | U37: TQGP006.0072/HO-5/5-G | W37: kh xem đc cam nhờ KTV qua hỗ trợ cho kh | Y37: Giga | Z37: Internet | AA37: Support | AB37: FPT Camera Combo | AC37: [CMR] KH không nhận được OTP | AL37: =LEFT(U37,7) -> TQGP006 | AN37: =VLOOKUP(S37,Sheet1!$C:$D,2,0) -> TRANGHT28
A38: 37 | B38: Tây Bắc Bộ | C38: Tuyên Quang | D38: TQTo TIN | E38: Xa Ham Yen-001 | F38: TQAAE0541 | G38: Ma Công Vệ | H38: 21/09/2026 15:06:01 | I38: -4 | J38: 4.133 | K38: 24/09/2026 | M38: 15:30 - 17:30 | O38: 6 | P38: 0 | Q38: Thường | R38: SR-HTKT | S38: TQGTI.HUNGCV4 | T38: Đã nhận ca | U38: TQGP037.0190/HO-1/1-G | W38: 0342002622 kh báo đứt dây | Y38: Sky | Z38: Internet | AA38: Support | AB38: Internet | AC38: Không có tín hiệu quang (mkn) | AL38: =LEFT(U38,7) -> TQGP037 | AN38: =VLOOKUP(S38,Sheet1!$C:$D,2,0) -> UYENHT15
A39: 38 | B39: Tây Bắc Bộ | C39: Tuyên Quang | D39: TQTo TIN | E39: Xa Dong Tho-001 | F39: TQAAA9185 | G39: ĐỖ NGỌC HÙNG | H39: 24/09/2026 09:18:09 | I39: -4 | J39: 4.133 | K39: 24/09/2026 | M39: 15:30 - 17:30 | O39: 1 | P39: 0 | Q39: Thường | R39: SR - Omni (HiFPT) | S39: TQGTI.NGHIANV6 | T39: Đã nhận ca | U39: TQGP030.0132/HO-4/4-G | W39: Mini app -- | Z39: Internet | AA39: Support | AB39: Internet | AC39: KH yêu cầu di chuyển dây thuê bao (lastmile) | AL39: =LEFT(U39,7) -> TQGP030 | AN39: =VLOOKUP(S39,Sheet1!$C:$D,2,0) -> LYHK7
A40: 39 | B40: Tây Bắc Bộ | C40: Tuyên Quang | D40: TQTo TIN | E40: Phuong My Lam-001 | F40: TQAAE5855 | G40: Trần Thị Hà | H40: 23/09/2026 11:42:15 | I40: -4 | J40: 4.133 | K40: 24/09/2026 | M40: 15:30 - 17:30 | O40: 1 | P40: 0 | Q40: Thường | R40: SR-HTKT | S40: TQGTI.ANHPH3 | T40: Đã PC | U40: TQGP013.0048/HO-6/6-G | W40: TQAAE5855 - 0987682243 - Kênh tiếp nhận: live-chat - Sender ID: 6ab3585b8578f - SĐT KH cung cấp: Không ghi nhận - Báo hỏng dịch vụ | Y40: Sky | Z40: Internet | AA40: SOS | AB40: Internet | AC40: Không truy cập được một số dịch vụ hoặc website | AL40: =LEFT(U40,7) -> TQGP013 | AN40: =VLOOKUP(S40,Sheet1!$C:$D,2,0) -> HUONGTT33
A41: 40 | B41: Tây Bắc Bộ | C41: Tuyên Quang | D41: TQTo TIN | E41: Xa Phu Luong-001 | F41: TQAAA8106 | G41: NGUYỄN THỊ HUỆ | H41: 23/09/2026 20:23:37 | I41: -4 | J41: 4.133 | K41: 24/09/2026 | M41: 15:30 - 17:30 | O41: 2 | P41: 0 | Q41: Thường | R41: SR - Omni | S41: TQGTI.BINHLV6 | T41: Đã PC | U41: TQGP026.0127/HO-6/6-G | W41: TQAAA8106 - 0366717232 - NGUYỄN THỊ HUỆ: | Y41: Giga | Z41: Internet | AA41: Support | AB41: Internet | AC41: Không có tín hiệu quang (mkn) | AL41: =LEFT(U41,7) -> TQGP026 | AN41: =VLOOKUP(S41,Sheet1!$C:$D,2,0) -> TAMVTT5
A42: 41 | B42: Tây Bắc Bộ | C42: Tuyên Quang | D42: TQTo TIN | E42: Xa Nhu Khe-001 | F42: TQAAC4670 | G42: TIÊU THỊ LAN | H42: 24/09/2026 12:12:19 | I42: -4 | J42: 4.133 | K42: 24/09/2026 | M42: 15:30 - 17:30 | O42: 1 | P42: 0 | Q42: Thường | R42: SR-HTKT | S42: TQGTI.KHANHLQ1 | T42: Đã PC | U42: TQGP016.0126/HO-6/6-G | W42: 0388936672 KH báo ko xem đc vtv3 | Y42: Giga | Z42: Internet | AA42: Support | AB42: Internet | AC42: KH yêu cầu di chuyển dây thuê bao (lastmile) | AD42: Internet | AE42: KH yêu cầu di chuyển Modem | AL42: =LEFT(U42,7) -> TQGP016 | AN42: =VLOOKUP(S42,Sheet1!$C:$D,2,0) -> ANHHV15
A43: 42 | B43: Tây Bắc Bộ | C43: Tuyên Quang | D43: TQTo TIN | E43: Xa Phu Luong-001 | F43: TQAAE8568 | G43: ĐỖ DUY HÙNG | H43: 19/09/2026 11:57:53 | I43: -4 | J43: 4.133 | K43: 24/09/2026 | M43: 15:30 - 17:30 | O43: 7 | P43: 1 | Q43: Thường | R43: SR - HiFPT | S43: TQGTI.QUYETNT1 | T43: Đã nhận ca | U43: TQGP031.0411/HO-5/5-G | W43: Checklist app hifpt/ / liên hệ số 0983755078 | Y43: Giga | Z43: Internet | AA43: Support | AB43: Internet | AC43: Không có tín hiệu quang (mkn) | AL43: =LEFT(U43,7) -> TQGP031 | AN43: =VLOOKUP(S43,Sheet1!$C:$D,2,0) -> TAMVTT5
A44: 43 | B44: Tây Bắc Bộ | C44: Tuyên Quang | D44: TQTo TIN | E44: Xa Phu Luong-001 | F44: TQAAA3853 | G44: NGÔ THỊ THUÝ | H44: 21/09/2026 14:48:57 | I44: -4 | J44: 4.133 | K44: 24/09/2026 | M44: 15:30 - 17:30 | O44: 5 | P44: 1 | Q44: Thường | R44: SR-HTKT | S44: TQGTI.BINHLV6 | T44: Đã nhận ca | U44: TQGP026.0055/HO-1/1-G | W44: 0986265567 kh báo mang kém, ksd được, k hợp tác tt cươc nhờ KT qua sửa cho kh | X44: >> TQGTI.BINHLV6 23/09/2026 07:48:51: đã di chuyển đến nhà khách kiểm tra hoạt động do hỏng điều khiển BOX khách hàng không biết đồng ý mua điều khiển | Y44: Giga | Z44: Internet | AA44: Support | AB44: Internet | AC44: WiFi sóng yếu hoặc chập chờn | AL44: =LEFT(U44,7) -> TQGP026 | AN44: =VLOOKUP(S44,Sheet1!$C:$D,2,0) -> TAMVTT5
A45: 44 | B45: Tây Bắc Bộ | C45: Tuyên Quang | D45: TQTo TIN | E45: Phuong My Lam-001 | F45: TQFD09357 | G45: NGUYỄN XUÂN NGHIÊM | H45: 22/09/2026 15:50:20 | I45: -4 | J45: 4.133 | K45: 24/09/2026 | M45: 15:30 - 17:30 | O45: 2 | P45: 0 | Q45: Thường | R45: SR-HTKT | S45: TQGTI.THANHNV41 | T45: Đã nhận ca | U45: TQGP014.0166/HO-1/1-G | W45: 038 4103455 kh báo box hno thay cứ chập chờn không xem đc, nhờ KT hỗ trợ | Y45: Giga | Z45: Internet | AA45: Support | AB45: FPT Play | AC45: Lỗi kết nối BOX và TV (TV không nhận tín hiệu từ Box) | AL45: =LEFT(U45,7) -> TQGP014 | AN45: =VLOOKUP(S45,Sheet1!$C:$D,2,0) -> ANHHV15
A46: 45 | B46: Tây Bắc Bộ | C46: Tuyên Quang | D46: TQTo TIN | E46: Xa Chiem Hoa-001 | F46: TQAAE4058 | G46: TRẦN THỊ TẠ | H46: 24/09/2026 06:38:46 | I46: -4 | J46: 4.133 | K46: 24/09/2026 | M46: 15:30 - 17:30 | O46: 2 | P46: 0 | Q46: Thường | R46: SR-HTKT | S46: TQGTI.HUNGDQ5 | T46: Đã nhận ca | U46: TQGP035.0131/HO-2/2-G | W46: TQAAE4058 - 0978063651 - Kênh tiếp nhận: live-chat - Sender ID: 6ab462b7b07f0 - SĐT KH cung cấp: 0978063651 - Báo hỏng dịch vụ | Y46: Sky | Z46: Internet | AA46: SOS | AB46: Internet | AC46: Không truy cập được một số dịch vụ hoặc website | AL46: =LEFT(U46,7) -> TQGP035 | AN46: =VLOOKUP(S46,Sheet1!$C:$D,2,0) -> HUONGTT33
A47: 46 | B47: Tây Bắc Bộ | C47: Tuyên Quang | D47: TQTo TIN | E47: Xa Son Duong-001 | F47: TQAAC9183 | G47: Hà Văn Sơn | H47: 24/09/2026 07:45:25 | I47: -4 | J47: 4.133 | K47: 24/09/2026 | M47: 15:30 - 17:30 | O47: 2 | P47: 0 | Q47: Thường | R47: SR-HTKT | S47: TQGTI.HUYNHNX | T47: Đã nhận ca | U47: TQGP012.0062/HO-7/7-G | W47: KH báo mkn nhờ KT qua kiểm tra | Y47: Sky | Z47: Internet | AA47: Support | AB47: Internet | AC47: Không có tín hiệu quang (mkn) | AL47: =LEFT(U47,7) -> TQGP012 | AN47: =VLOOKUP(S47,Sheet1!$C:$D,2,0) -> TQG.HANGVTT12
A48: 47 | B48: Tây Bắc Bộ | C48: Tuyên Quang | D48: TQTo TIN | E48: Xa Son Duong-002 | F48: TQAAB5833 | G48: NGUYỄN VĂN SƠN | H48: 24/09/2026 10:26:49 | I48: -4 | J48: 4.133 | K48: 24/09/2026 | M48: 15:30 - 17:30 | O48: 2 | P48: 0 | Q48: Thường | R48: SR-HTKT | S48: TQGTI.GIANGLV2 | T48: Đã nhận ca | U48: TQGP021.0161/HO-2/2-G | W48: 0394521183 KH báo đứt dây mkn nhờ KT qua kiểm tra | Y48: Giga | Z48: Internet | AA48: Support | AB48: Internet | AC48: KH yêu cầu di chuyển dây thuê bao (lastmile) | AL48: =LEFT(U48,7) -> TQGP021 | AN48: =VLOOKUP(S48,Sheet1!$C:$D,2,0) -> TQG.HANGVTT12
A49: 48 | B49: Tây Bắc Bộ | C49: Tuyên Quang | D49: TQTo TIN | E49: Xa Ham Yen-001 | F49: TQAAE0435 | G49: Lý Văn Đông | H49: 18/09/2026 12:24:07 | I49: -4 | J49: 4.133 | K49: 24/09/2026 | M49: 15:30 - 17:30 | O49: 10 | P49: 2 | Q49: Thường | R49: SR-HTKT | S49: TQGTI.HUNGCV4 | T49: Đã nhận ca | U49: TQGP037.0198/HO-3/3-G | W49: KH báo mất mangjk | Y49: Giga | Z49: Internet | AA49: Support | AB49: Internet | AC49: Có tín hiệu quang nhưng không ổn định / suy hao không đạt chuẩn | AL49: =LEFT(U49,7) -> TQGP037 | AN49: =VLOOKUP(S49,Sheet1!$C:$D,2,0) -> UYENHT15
A50: 49 | B50: Tây Bắc Bộ | C50: Tuyên Quang | D50: TQTo TIN | E50: Phuong An Tuong-001 | F50: TQFD13450 | G50: TRỊNH KẾ NGHĨA | H50: 23/09/2026 14:45:09 | I50: -4 | J50: 4.133 | K50: 24/09/2026 | M50: 15:30 - 17:30 | O50: 1 | P50: 3 | Q50: Thường | R50: SR - Omni (HiFPT) | S50: TQGTI.CUHA | T50: Đã nhận ca | U50: TQGP001.0035/HO-14/14-G | W50: Hỏng điều khiển | Y50: Sky | Z50: Internet | AA50: Support | AB50: Internet | AC50: Có tín hiệu quang nhưng không ổn định / suy hao không đạt chuẩn | AL50: =LEFT(U50,7) -> TQGP001 | AN50: =VLOOKUP(S50,Sheet1!$C:$D,2,0) -> HUONGTT33
A51: 50 | B51: Tây Bắc Bộ | C51: Tuyên Quang | D51: TQTo TIN | E51: Xa Dong Tho-001 | F51: TQAAB7469 | G51: TẠ THỊ NƯƠNG | H51: 23/09/2026 20:56:59 | I51: -4 | J51: 4.133 | K51: 24/09/2026 | M51: 15:30 - 17:30 | O51: 1 | P51: 0 | Q51: Thường | R51: SR - Omni (HiFPT) | S51: TQGTI.NGHIANV6 | T51: Đã nhận ca | U51: TQGP032.0455/HO-4/4-G | W51: Mini app -- | Y51: Giga | Z51: Internet | AA51: Support | AB51: Internet | AC51: Không có tín hiệu quang (mkn) | AL51: =LEFT(U51,7) -> TQGP032 | AN51: =VLOOKUP(S51,Sheet1!$C:$D,2,0) -> LYHK7
A52: 51 | B52: Tây Bắc Bộ | C52: Tuyên Quang | D52: TQTo TIN | E52: Xa Dong Tho-001 | F52: TQAAB4182 | G52: TRẦN VĂN QUANG | H52: 24/09/2026 11:58:10 | I52: -4 | J52: 4.133 | K52: 24/09/2026 | L52: 24/09/2026 | M52: 15:30 - 17:30 | N52: 15:30 - 17:30 | O52: 1 | P52: 0 | Q52: Thường | R52: SR - Omni | S52: TQGTI.NGHIANV6 | T52: Đã nhận ca | U52: TQGP032.0255/HO-3/3-G | W52: TQAAB4182 - 0967207073 - TRẦN VĂN QUANG: | X52: >> BenLT.tin 24/09/2026 11:58:23: TQAAB4182 - 0967207073 - TRẦN VĂN QUANG: KH báo mất kết nối, k có ipwan, Enable/ Offline/ None đã tắt bật modem nok, nhờ kỹ thuật KT hỗ trợ | Y52: Giga | Z52: Internet | AB52: Internet | AC52: Không có tín hiệu quang (mkn) | AL52: =LEFT(U52,7) -> TQGP032 | AN52: =VLOOKUP(S52,Sheet1!$C:$D,2,0) -> LYHK7
A53: 52 | B53: Tây Bắc Bộ | C53: Tuyên Quang | D53: TQTo TIN | E53: Xa Phu Luong-001 | F53: TQAAE7468 | G53: HOÀNG VĂN LINH | H53: 23/09/2026 17:43:02 | I53: 20 | J53: 4.35 | L53: 24/09/2026 | N53: 15:30 - 17:30 | O53: 2 | P53: 0 | Q53: Thường | R53: SR-HTKT | S53: TQGTI.QUANHV1 | T53: Đã nhận ca | U53: TQGP027.0104/HO-6/6-G | W53: Kh báo k vào dc mạng | Y53: Sky | Z53: Internet | AA53: Support | AB53: Internet | AC53: Không có tín hiệu quang (mkn) | AL53: =LEFT(U53,7) -> TQGP027 | AN53: =VLOOKUP(S53,Sheet1!$C:$D,2,0) -> TAMVTT5
A54: 53 | B54: Tây Bắc Bộ | C54: Tuyên Quang | D54: TQTo TIN | E54: Phuong My Lam-001 | F54: TQFD20613 | G54: NGUYỄN XUÂN THANH | H54: 23/09/2026 19:47:44 | I54: 18 | J54: 6.417 | L54: 24/09/2026 | N54: 13:30 - 15:30 | O54: 2 | P54: 0 | Q54: Thường | R54: SR - Omni | S54: TQGTI.QUANDM2 | T54: Đã nhận ca | U54: TQGP005.0096/HO-10/10-G | W54: TQFD20613 - 0385365241 - chd: kh báo mkn internet ktra ko có ipw nhờ kt qua htro khách | Y54: Sky | Z54: Internet | AA54: Support | AB54: Internet | AC54: Không có tín hiệu quang (mkn) | AL54: =LEFT(U54,7) -> TQGP005 | AN54: =VLOOKUP(S54,Sheet1!$C:$D,2,0) -> HUONGTT33
A55: 54 | B55: Tây Bắc Bộ | C55: Tuyên Quang | D55: TQTo TIN | E55: Phuong Minh Xuan-001 | F55: TQAAA0562 | G55: LÊ CHIẾN CÔNG | H55: 23/09/2026 21:07:16 | I55: 16 | J55: 7.75 | L55: 24/09/2026 | N55: 15:30 - 17:30 | O55: 2 | P55: 0 | Q55: Thường | R55: SR - Omni (HiFPT) | S55: TQGTI.TUANQD | T55: Đang XL | U55: TQGP009.0095/HO-7/7-G | W55: TQAAA0562 - 0845577792 - LÊ CHIẾN CÔNG: kh báo qua hifpt k xem đc TH, nhờ kt qua htro giúp khg | X55: >> TQGTI.TUANQD 24/09/2026 11:48:31: md loi kt thay md.khg sd bt | Y55: Giga | Z55: Internet | AA55: Support | AB55: FPT Play | AC55: Lỗi kết nối BOX và TV (TV không nhận tín hiệu từ Box) | AL55: =LEFT(U55,7) -> TQGP009 | AN55: =VLOOKUP(S55,Sheet1!$C:$D,2,0) -> TRANGDTH35
A56: 55 | B56: Tây Bắc Bộ | C56: Tuyên Quang | D56: TQTo TIN | E56: Xa Chiem Hoa-001 | F56: TQAAC8927 | G56: TRẦN VĂN HÙNG | H56: 24/09/2026 07:45:14 | I56: 6 | J56: 18.383 | L56: 25/09/2026 | N56: 08:00 - 10:00 | O56: 2 | P56: 0 | Q56: Thường | R56: SR-HTKT | S56: TQGTI.TIENVT3 | T56: Đã nhận ca | U56: TQGP028.0287/HO-4/4-G | W56: 0867643170 kh báo mạng yếu chập chờn nhờ KT hỗ trợ | Y56: Sky | Z56: Internet | AA56: Support | AB56: Internet | AC56: WiFi sóng yếu hoặc chập chờn | AL56: =LEFT(U56,7) -> TQGP028 | AN56: =VLOOKUP(S56,Sheet1!$C:$D,2,0) -> UYENHT15
A57: 56 | B57: Tây Bắc Bộ | C57: Tuyên Quang | D57: TQTo TIN | E57: Xa Chiem Hoa-001 | F57: TQAAB6311 | G57: NGÔ VĂN MẠNH | H57: 24/09/2026 08:01:42 | I57: 5 | J57: 18.65 | L57: 25/09/2026 | N57: 08:00 - 10:00 | O57: 2 | P57: 0 | Q57: Thường | R57: SR-HTKT | S57: TQGTI.TIENVT3 | T57: Đã nhận ca | U57: TQGP028.0211/HO-2/2-G | W57: 0334159110 kh báo mth | Y57: Giga | Z57: Internet | AA57: Support | AB57: Internet | AC57: Không có tín hiệu quang (mkn) | AL57: =LEFT(U57,7) -> TQGP028 | AN57: =VLOOKUP(S57,Sheet1!$C:$D,2,0) -> UYENHT15
A58: 57 | B58: Tây Bắc Bộ | C58: Tuyên Quang | D58: TQTo TIN | E58: Xa Yen Son-001 | F58: TQFD09571 | G58: NGUYỄN THỊ XUYẾN | H58: 24/09/2026 08:27:27 | I58: 5 | J58: 19.083 | L58: 24/09/2026 | N58: 15:30 - 17:30 | O58: 2 | P58: 0 | Q58: Thường | R58: SR - CSCĐ | S58: TQGTI.TUNGDT4 | T58: Đã nhận ca | U58: TQGP008.0217/HO-8/8-G | W58: Auto call: KH cần hỗ trợ kỹ thuật | Y58: Sky | Z58: Internet | AA58: Support | AB58: Internet | AC58: Không có tín hiệu quang (mkn) | AL58: =LEFT(U58,7) -> TQGP008 | AN58: =VLOOKUP(S58,Sheet1!$C:$D,2,0) -> TRANGHT28
A59: 58 | B59: Tây Bắc Bộ | C59: Tuyên Quang | D59: TQTo TIN | E59: Xa Nhu Khe-001 | F59: TQFD22649 | G59: TRẦN TUẤN ANH | H59: 24/09/2026 09:53:32 | I59: 4 | J59: 20.517 | L59: 24/09/2026 | N59: 13:30 - 15:30 | O59: 1 | P59: 0 | Q59: Thường | R59: SR Khiếu nại | S59: TQGTI.KHANHLQ1 | T59: Đã nhận ca | U59: TQGP020.0029/HO-7/7-G | W59: 0978151022 NHờ kt thay giúp box OTT cho kh. Xin CF, kh k đồng ý mất phí | Y59: Giga | Z59: Internet | AA59: Support | AB59: Internet | AC59: KH yêu cầu bảo trì khác | AL59: =LEFT(U59,7) -> TQGP020 | AN59: =VLOOKUP(S59,Sheet1!$C:$D,2,0) -> ANHHV15
A60: 59 | B60: Tây Bắc Bộ | C60: Tuyên Quang | D60: TQTo TIN | E60: Xa Phu Luong-001 | F60: TQAAE0730 | G60: LÝ THỊ LƯƠNG | H60: 24/09/2026 10:19:43 | I60: -21 | J60: 20.633 | K60: 25/09/2026 | L60: 24/09/2026 | M60: 08:00 - 10:00 | N60: 13:30 - 15:30 | O60: 1 | P60: 1 | Q60: Thường | R60: SR - Omni | S60: TQGTI.DUNGNT26 | T60: Đã PC | U60: TQGP027.0084/HO-8/8-G | W60: TQAAE0730 - 0346540731 - LY THI LUONG: | Y60: Sky | Z60: Internet | AA60: Support | AB60: Internet | AC60: Có IP WAN, không truy cập được | AL60: =LEFT(U60,7) -> TQGP027 | AN60: =VLOOKUP(S60,Sheet1!$C:$D,2,0) -> TAMVTT5
A61: 60 | B61: Tây Bắc Bộ | C61: Tuyên Quang | D61: TQTo TIN | E61: Xa Dong Tho-001 | F61: TQAAC7157 | G61: NINH VĂN VINH | H61: 23/09/2026 21:15:33 | I61: -21 | J61: 20.633 | K61: 25/09/2026 | L61: 24/09/2026 | M61: 08:00 - 10:00 | N61: 13:30 - 15:30 | O61: 2 | P61: 0 | Q61: Thường | R61: SR - Omni | S61: TQGTI.NGHIANV6 | T61: Đã nhận ca | U61: TQGP032.0453/HO-1/1-G | W61: TQAAC7157 - 0327701410 - Số chính chủ: KH báo mkn, tăt mở nok, đèn sáng bth, ko IPWAN, offline, ko có thông số, KH cần nvkt qua hỗ trợ | Y61: Giga | Z61: Internet | AB61: Internet | AC61: Không có tín hiệu quang (mkn) | AL61: =LEFT(U61,7) -> TQGP032 | AN61: =VLOOKUP(S61,Sheet1!$C:$D,2,0) -> LYHK7
A62: 61 | B62: Tây Bắc Bộ | C62: Tuyên Quang | D62: TQTo TIN | E62: Xa Phu Luong-001 | F62: TQAAC3076 | G62: TRẦN THỊ THƠM | H62: 24/09/2026 10:15:07 | I62: -21 | J62: 20.633 | K62: 25/09/2026 | M62: 08:00 - 10:00 | O62: 1 | P62: 0 | Q62: Thường | R62: SR-HTKT | S62: TQGTI.QUYETNT1 | T62: Đã nhận ca | U62: TQGP032.0170/HO-2/2-G | W62: 0983356886 kh báo cmr lỗi k xem đc nhờ KT hỗ trợ | Y62: Giga | Z62: Internet | AA62: Support | AB62: FPT Camera Combo | AC62: Lỗi App - Xem camera báo lỗi ngoại tuyến | AL62: =LEFT(U62,7) -> TQGP032 | AN62: =VLOOKUP(S62,Sheet1!$C:$D,2,0) -> TAMVTT5
A63: 62 | B63: Tây Bắc Bộ | C63: Tuyên Quang | D63: TQTo TIN | E63: Phuong Minh Xuan-001 | F63: TQAAF0600 | G63: Lê Văn Cúc Phương | H63: 24/09/2026 09:41:41 | I63: -21 | J63: 20.633 | K63: 25/09/2026 | M63: 08:00 - 10:00 | O63: 1 | P63: 0 | Q63: Thường | R63: SR - Omni | S63: TQGTI.TUANQD | T63: Đã PC | U63: TQGP009.0169/HO-6/6- | W63: TQAAF0600 - 0966117197 - Lê Văn Cúc Phương: rx -22.01, kh phản ánh chất lượng mạng yếu, lhe knm, chat ob ok, tao CL nho KT qua htro them | Y63: Giga | Z63: Internet | AA63: Support | AB63: Internet | AC63: WiFi sóng yếu hoặc chập chờn | AL63: =LEFT(U63,7) -> TQGP009 | AN63: =VLOOKUP(S63,Sheet1!$C:$D,2,0) -> TRANGDTH35
A64: 63 | B64: Tây Bắc Bộ | C64: Tuyên Quang | D64: TQTo TIN | E64: Xa Phu Luong-001 | F64: TQAAE8929 | G64: Hoàng Thị Tại | H64: 24/09/2026 13:02:20 | I64: -21 | J64: 20.633 | K64: 25/09/2026 | M64: 08:00 - 10:00 | O64: 1 | P64: 0 | Q64: Thường | R64: SR-HTKT | S64: TQGTI.QUANHV1 | T64: Đã PC | U64: TQGP031.0222/HO-7/7-G | W64: TQAAE8929 - 0399926854 - Kênh tiếp nhận: live-chat - Sender ID: 6ab4bcae53daa - SĐT KH cung cấp: 0399926854 - Báo hỏng dịch vụ | Y64: Giga | Z64: Internet | AA64: SOS | AB64: Internet | AC64: Không truy cập được một số dịch vụ hoặc website | AL64: =LEFT(U64,7) -> TQGP031 | AN64: =VLOOKUP(S64,Sheet1!$C:$D,2,0) -> TAMVTT5
A65: 64 | B65: Tây Bắc Bộ | C65: Tuyên Quang | D65: TQTo TIN | E65: Phuong My Lam-001 | F65: TQFD14485 | G65: NGUYỄN VĂN LONG | H65: 23/09/2026 15:49:31 | I65: -21 | J65: 20.633 | K65: 25/09/2026 | L65: 24/09/2026 | M65: 08:00 - 10:00 | N65: 10:00 - 12:00 | O65: 2 | P65: 0 | Q65: Thường | R65: SR - Omni | S65: TQGTI.THANHNV41 | T65: Đã PC | U65: TQGP019.0110/HO-1/1-G | W65: TQFD14485 - 0372596356 - chd: Kh báo mạng chập chờn. chậm rớt kết nối liên tục, ktra ONU:-26.99 … suy hao k đạt chuẩn, kh pa dây tín hiệu thuê bao bị rơi xuống đường chỗ cánh đồng, đã tạo cl. nhờ kỹ thuật htrợ | Y65: Giga | Z65: Internet | AA65: Support | AB65: Internet | AC65: Có tín hiệu quang nhưng không ổn định / suy hao không đạt chuẩn | AD65: Internet | AE65: KH yêu cầu di chuyển dây thuê bao (lastmile) | AL65: =LEFT(U65,7) -> TQGP019 | AN65: =VLOOKUP(S65,Sheet1!$C:$D,2,0) -> ANHHV15
A66: 65 | B66: Tây Bắc Bộ | C66: Tuyên Quang | D66: TQTo TIN | E66: Phuong Minh Xuan-001 | F66: TQAAC8138 | G66: PHẠM BÁ XUÂN | H66: 23/09/2026 17:17:05 | I66: -21 | J66: 20.633 | K66: 25/09/2026 | M66: 08:00 - 10:00 | O66: 1 | P66: 0 | Q66: Thường | R66: SR - CSCĐ | S66: TQGTI.DANGNV | T66: Đã nhận ca | U66: TQGP006.0208/HO-5/5-G | W66: 0968724685 KH báo mkn nhờ KT hỗ trợ KH | Z66: Internet | AA66: Support | AB66: Internet | AC66: Không có tín hiệu quang (mkn) | AL66: =LEFT(U66,7) -> TQGP006 | AN66: =VLOOKUP(S66,Sheet1!$C:$D,2,0) -> TRANGHT28
A67: 66 | B67: Tây Bắc Bộ | C67: Tuyên Quang | D67: TQTo TIN | E67: Phuong My Lam-001 | F67: TQAAE7704 | G67: NGA VĂN LONG | H67: 23/09/2026 13:27:32 | I67: -21 | J67: 20.633 | K67: 25/09/2026 | M67: 08:00 - 10:00 | O67: 1 | P67: 0 | Q67: Thường | R67: SR-HTKT | S67: TQGTI.ANHPH3 | T67: Đã PC | U67: TQGP013.0184/HO-2/2-G | W67: TQAAE7704 - 0977679271 - Kênh tiếp nhận: live-chat - Sender ID: 0977679271 - SĐT KH cung cấp: Không ghi nhận - Báo hỏng dịch vụ | Y67: Giga | Z67: Internet | AA67: SOS | AB67: Internet | AC67: Không truy cập được một số dịch vụ hoặc website | AL67: =LEFT(U67,7) -> TQGP013 | AN67: =VLOOKUP(S67,Sheet1!$C:$D,2,0) -> HUONGTT33
A68: 67 | B68: Tây Bắc Bộ | C68: Tuyên Quang | D68: TQTo TIN | E68: Xa Phu Luong-001 | F68: TQAAE6009 | G68: ĐẰNG VĂN CHIẾN | H68: 23/09/2026 10:54:23 | I68: -21 | J68: 20.633 | K68: 25/09/2026 | L68: 23/09/2026 | M68: 08:00 - 10:00 | N68: 12:00 - 13:30 | O68: 2 | P68: 0 | Q68: Thường | R68: SR-HTKT | S68: TQGTI.QUANHV1 | T68: Đã nhận ca | U68: TQGP027.0224/HO-12/12-G | W68: TQAAE6009 - 0832195312 - Kênh tiếp nhận: live-chat - Sender ID: 6ab34d06a609c - SĐT KH cung cấp: 0832195312 - Báo hỏng dịch vụ | Y68: Giga | Z68: Internet | AA68: SOS | AB68: Internet | AC68: Không truy cập được một số dịch vụ hoặc website | AL68: =LEFT(U68,7) -> TQGP027 | AN68: =VLOOKUP(S68,Sheet1!$C:$D,2,0) -> TAMVTT5
A69: 68 | B69: Tây Bắc Bộ | C69: Tuyên Quang | D69: TQTo TIN | E69: Phuong An Tuong-001 | F69: TQAAE9218 | G69: Nguyễn Ngọc Anh | H69: 24/09/2026 08:35:09 | I69: -21 | J69: 20.633 | K69: 25/09/2026 | M69: 08:00 - 10:00 | O69: 1 | P69: 1 | Q69: Thường | R69: SR-HTKT | S69: TQGTI.CUHA | T69: Đã nhận ca | U69: TQGP002.0093/HO-8/8-G | W69: TQAAE9218 - 0968566893 - Kênh tiếp nhận: live-chat - Sender ID: 0968566893 - SĐT KH cung cấp: Không ghi nhận - lắp đường truyền quốc tế để chơi game AION2 không bị giật lag | Y69: Giga | Z69: Internet | AA69: SOS | AB69: Internet | AC69: Không truy cập được một số dịch vụ hoặc website | AL69: =LEFT(U69,7) -> TQGP002 | AN69: =VLOOKUP(S69,Sheet1!$C:$D,2,0) -> HUONGTT33
A70: 69 | B70: Tây Bắc Bộ | C70: Tuyên Quang | D70: TQTo TIN | E70: Phuong An Tuong-001 | F70: TQD002510 | G70: Pham Thi Tuyet | H70: 24/09/2026 10:01:47 | I70: 3 | J70: 20.65 | L70: 24/09/2026 | N70: 13:30 - 15:30 | O70: 2 | P70: 0 | Q70: Thường | R70: SR-HTKT | S70: TQGTI.CUONGLM8 | T70: Đã nhận ca | U70: TQGP003.0030/HO-4/4-G | W70: 0978573647 kh báo lỗi k xem đc TH nhờ KT hỗ trợ | Y70: Giga | Z70: Internet | AA70: Support | AB70: FPT Play | AC70: Truyền hình mất hình/ mất tiếng tất cả kênh | AL70: =LEFT(U70,7) -> TQGP003 | AN70: =VLOOKUP(S70,Sheet1!$C:$D,2,0) -> LYHK7
A71: 70 | B71: Tây Bắc Bộ | C71: Tuyên Quang | D71: TQTo TIN | E71: Xa Dong Tho-001 | F71: TQAAB6803 | G71: NGUYỄN VĂN LƯỢNG | H71: 24/09/2026 08:24:46 | I71: -23 | J71: 22.633 | K71: 25/09/2026 | M71: 10:00 - 12:00 | O71: 1 | P71: 0 | Q71: Thường | R71: SR-HTKT | S71: TQGTI.NGHIANV6 | T71: Đã nhận ca | U71: TQGP032.0392/HO-4/4-G | W71: 0382721845 kh báo lỗi box k SD được nhờ KT hỗ trợ | Y71: Giga | Z71: Internet | AA71: Support | AB71: FPT Play | AC71: KH cần thay/ lắp đặt, kết nối BOX | AL71: =LEFT(U71,7) -> TQGP032 | AN71: =VLOOKUP(S71,Sheet1!$C:$D,2,0) -> LYHK7
A72: 71 | B72: Tây Bắc Bộ | C72: Tuyên Quang | D72: TQTo TIN | E72: Xa Ham Yen-001 | F72: TQFD22905 | G72: NGUYỄN MẠNH HÙNG | H72: 21/09/2026 00:12:59 | I72: -23 | J72: 22.633 | K72: 25/09/2026 | M72: 10:00 - 12:00 | O72: 4 | P72: 2 | Q72: Thường | R72: SR - Omni (HiFPT) | S72: TQGTI.LUCMDC | T72: Đang XL | U72: TQGP024.0046/HO-5/5-G | W72: TQFD22905 - 0989941258 - NGUYỄN MẠNH HÙNG: -19.51 KH báo Lỗi Camera, k xem đc. k call KH. TDV nt ob nok. Nhờ KT qua htro giúp ạ | X72: >> TQGTI.LUCMDC 23/09/2026 16:09:11: khách hàng tự cài đặt ,khôi phục về cài đặt gốc sử dụng bình thường | Y72: Sky | Z72: Internet | AA72: Support | AB72: FPT Camera Combo | AC72: [CMR] KH xem camera báo ngoại tuyến (CMR ngoại tuyến) | AL72: =LEFT(U72,7) -> TQGP024 | AN72: =VLOOKUP(S72,Sheet1!$C:$D,2,0) -> UYENHT15
A73: 72 | B73: Tây Bắc Bộ | C73: Tuyên Quang | D73: TQTo TIN | E73: Xa Ham Yen-001 | F73: TQAAC8520 | G73: NỊNH THỊ CHUYÊN | H73: 23/09/2026 21:42:13 | I73: -23 | J73: 22.633 | K73: 25/09/2026 | M73: 10:00 - 12:00 | O73: 2 | P73: 0 | Q73: Thường | R73: SR - Omni (HiFPT) | S73: TQGTI.LUCMDC | T73: Đã nhận ca | U73: TQGP024.0340/HO-1/1-G | W73: TQAAC8520 - 0386392482 - NỊNH THỊ CHUYÊN: Kh báo qua Hifpt Lỗi Internet, có ipwan, ONU Temp/TX/RX :47.81/ 2.27/ -16.09 . Liên hệ KH kbm, chat OB cho kh. Nhờ KTV hỗ trợ xử lí giúp KH . | Y73: Sky | Z73: Internet | AA73: Support | AB73: Internet | AC73: Truy cập mạng chậm hoặc chập chờn | AL73: =LEFT(U73,7) -> TQGP024 | AN73: =VLOOKUP(S73,Sheet1!$C:$D,2,0) -> UYENHT15
A74: 73 | B74: Tây Bắc Bộ | C74: Tuyên Quang | D74: TQTo TIN | E74: Xa Chiem Hoa-001 | F74: TQAAC5689 | G74: HOÀNG VĂN PHƯƠNG | H74: 24/09/2026 09:21:16 | I74: -23 | J74: 22.633 | K74: 25/09/2026 | M74: 10:00 - 12:00 | O74: 1 | P74: 0 | Q74: Thường | R74: SR-HTKT | S74: TQGTI.CHIENMM | T74: Đã PC | U74: TQGP033.0213/HO-1/1-G | W74: TQAAC5689 - 0392483739 - Kênh tiếp nhận: live-chat - Sender ID: 6ab488bf32328 - SĐT KH cung cấp: 0392483739 - Báo hỏng dịch vụ | Y74: Giga | Z74: Internet | AA74: SOS | AB74: Internet | AC74: Không truy cập được một số dịch vụ hoặc website | AL74: =LEFT(U74,7) -> TQGP033 | AN74: =VLOOKUP(S74,Sheet1!$C:$D,2,0) -> HUONGTT33
A75: 74 | B75: Tây Bắc Bộ | C75: Tuyên Quang | D75: TQTo TIN | E75: Xa Dong Tho-001 | F75: TQAAB0488 | G75: LÊ TRUNG TUYỂN | H75: 24/09/2026 08:38:51 | I75: -23 | J75: 22.633 | K75: 25/09/2026 | M75: 10:00 - 12:00 | O75: 1 | P75: 0 | Q75: Thường | R75: SR-HTKT | S75: TQGTI.NGHIANV6 | T75: Đã nhận ca | U75: TQGP030.0172/HO-1/1-G | W75: [Thanh lý -> Phương án xử lý -> Hỗ trợ xử lý dịch vụ/kỹ thuật] - Khách hàng yêu cầu huỷ truyền hình nhờ cus hỗ trợ | Y75: Giga | Z75: Internet | AA75: SOS | AB75: FPT Play | AC75: KH cần thay/ lắp đặt, kết nối BOX | AL75: =LEFT(U75,7) -> TQGP030 | AN75: =VLOOKUP(S75,Sheet1!$C:$D,2,0) -> LYHK7
A76: 75 | B76: Tây Bắc Bộ | C76: Tuyên Quang | D76: TQTo TIN | E76: Xa Yen Son-001 | F76: TQFD21262 | G76: NGUYỄN VĂN QUYẾT | H76: 24/09/2026 11:41:27 | I76: -26 | J76: 26.133 | K76: 25/09/2026 | L76: 24/09/2026 | M76: 13:30 - 15:30 | N76: 13:30 - 15:30 | O76: 1 | P76: 0 | Q76: Thường | R76: SR-HTKT | S76: TQGTI.TUNGDT4 | T76: Đã PC | U76: TQGP008.0333/HO-5/5-G | W76: TQFD21262 - 0356352283 - NGUYỄN VĂN QUYẾT: KH báo mất tin hiệu, k ipw, Dis/Off ,báo đường truyền đang mất tín hiệu, đã tắt bật modem nok, nhờ kỹ thuật KT hỗ trợ nl đỏ nhờ tin xl sớm trong hn giúp | Y76: Giga | Z76: Internet | AA76: Support | AB76: Internet | AC76: Không có tín hiệu quang (mkn) | AL76: =LEFT(U76,7) -> TQGP008 | AN76: =VLOOKUP(S76,Sheet1!$C:$D,2,0) -> TRANGHT28
A77: 76 | B77: Tây Bắc Bộ | C77: Tuyên Quang | D77: TQTo TIN | E77: Phuong An Tuong-001 | F77: TQAAB8901 | G77: NGUYỄN KHÁNH DUY | H77: 24/09/2026 07:44:30 | I77: -26 | J77: 26.133 | K77: 25/09/2026 | M77: 13:30 - 15:30 | O77: 1 | P77: 0 | Q77: Thường | R77: SR-HTKT | S77: TQGTI.CUHA | T77: Đã nhận ca | U77: TQGP001.0073/HO-8/8-G | W77: Kh yêu cầu hủy do chất lượng, đã xin kh bảo trì, thay modem mới, kh đồng ý | Z77: Internet | AA77: Support | AB77: Internet | AC77: Có tín hiệu quang nhưng không ổn định / suy hao không đạt chuẩn | AL77: =LEFT(U77,7) -> TQGP001 | AN77: =VLOOKUP(S77,Sheet1!$C:$D,2,0) -> HUONGTT33
A78: 77 | B78: Tây Bắc Bộ | C78: Tuyên Quang | D78: TQTo TIN | E78: Xa Yen Son-001 | F78: TQAAE3435 | G78: NGUYỄN THỊ THƯƠNG | H78: 15/09/2026 16:27:27 | I78: -26 | J78: 26.133 | K78: 25/09/2026 | M78: 13:30 - 15:30 | O78: 8 | P78: 1 | Q78: Thường | R78: SR-HTKT | S78: TQGTI.CUONGDD9 | T78: Đã nhận ca | U78: TQGP038.0290/HO-4/4-G | W78: KH báo truyền hình không xem được, nhờ KT xử lý | X78: >> Nghiavm1.tin 22/09/2026 09:45:41: thay tạm box cho kh sd, chưa hoàn ứng được | Y78: Giga | Z78: Internet | AA78: Support | AB78: FPT Play | AC78: Truyền hình không xem được tất cả kênh | AL78: =LEFT(U78,7) -> TQGP038 | AN78: =VLOOKUP(S78,Sheet1!$C:$D,2,0) -> TRANGDTH35
A79: 78 | B79: Tây Bắc Bộ | C79: Tuyên Quang | D79: TQTo TIN | E79: Xa Chiem Hoa-001 | F79: TQAAF0610 | G79: Lý Tiến Đội | H79: 24/09/2026 12:41:48 | I79: -26 | J79: 26.133 | K79: 25/09/2026 | M79: 13:30 - 15:30 | O79: 1 | P79: 0 | Q79: Thường | R79: SR-HTKT | S79: TQGTI.TIENVT3 | T79: Đã PC | U79: TQGP033.0321/HO-6/6-G | W79: TQAAF0610 - 0868559023 - Kênh tiếp nhận: live-chat - Sender ID: 6ab4b7a42a00d - SĐT KH cung cấp: 0868559023 - Báo hỏng dịch vụ | Y79: Sky | Z79: Internet | AA79: SOS | AB79: Internet | AC79: Không truy cập được một số dịch vụ hoặc website | AL79: =LEFT(U79,7) -> TQGP033 | AN79: =VLOOKUP(S79,Sheet1!$C:$D,2,0) -> UYENHT15
A80: 79 | B80: Tây Bắc Bộ | C80: Tuyên Quang | D80: TQTo TIN | E80: Phuong Minh Xuan-001 | F80: TQAAF1512 | G80: Triệu Thị Thuỳ Hậu | H80: 23/09/2026 07:56:09 | I80: -26 | J80: 26.133 | K80: 25/09/2026 | L80: 24/09/2026 | M80: 13:30 - 15:30 | N80: 13:30 - 15:30 | O80: 4 | P80: 1 | Q80: Thường | R80: SR - HiFPT | S80: TQGTI.TUANQD | T80: Đã nhận ca | U80: TQGP009.0372/HO-3/3-G | W80: Checklist app hifpt/ / liên hệ số 0972634204 | X80: >> TQGTI.TUANQD 23/09/2026 17:16:59: mưa chưa xl đk hẹn lai | Y80: Giga | Z80: Internet | AB80: Internet | AC80: Không có tín hiệu quang (mkn) | AL80: =LEFT(U80,7) -> TQGP009 | AN80: =VLOOKUP(S80,Sheet1!$C:$D,2,0) -> TRANGDTH35
A81: 80 | B81: Tây Bắc Bộ | C81: Tuyên Quang | D81: TQTo TIN | E81: Xa Yen Son-001 | F81: TQAAF1804 | G81: Hà Văn Sâm | H81: 23/09/2026 16:38:31 | I81: -26 | J81: 26.133 | K81: 25/09/2026 | L81: 24/09/2026 | M81: 13:30 - 15:30 | N81: 13:30 - 15:30 | O81: 2 | P81: 0 | Q81: Thường | R81: SR - Omni (HiFPT) | S81: TQGTI.TUNGDT4 | T81: Đã nhận ca | U81: TQGP008.0023/HO-16/16-G | W81: TQAAF1804 - 0947249259 - Hà Văn Sâm: kh báo không xem lại đc camera, hình ảnh camera bị mờ, nhờ ktv qua hỗ trợ | Y81: Giga | Z81: Internet | AA81: Support | AB81: FPT Camera Combo | AC81: [CMR] Hình ảnh bị giật, xé hình, nhòe màu, chất lượng hình ảnh kém | AL81: =LEFT(U81,7) -> TQGP008 | AN81: =VLOOKUP(S81,Sheet1!$C:$D,2,0) -> TRANGHT28
A82: 81 | B82: Tây Bắc Bộ | C82: Tuyên Quang | D82: TQTo TIN | E82: Phuong Minh Xuan-001 | F82: TQFD15063 | G82: BÙI THỊ THU | H82: 24/09/2026 10:21:01 | I82: -26 | J82: 26.133 | K82: 25/09/2026 | M82: 13:30 - 15:30 | O82: 2 | P82: 0 | Q82: Thường | R82: SR-HTKT | S82: TQGTI.TUANQD | T82: Đã nhận ca | U82: TQGP009.0089/HO-2/2-G | W82: 0398156052 khg báo mkn | Y82: Giga | Z82: Internet | AA82: Support | AB82: Internet | AC82: Không có tín hiệu quang (mkn) | AL82: =LEFT(U82,7) -> TQGP009 | AN82: =VLOOKUP(S82,Sheet1!$C:$D,2,0) -> TRANGDTH35
A83: 82 | B83: Tây Bắc Bộ | C83: Tuyên Quang | D83: TQTo TIN | E83: Phuong Minh Xuan-001 | F83: TQFD12180 | G83: PHẠM THỊ HUYỀN | H83: 24/09/2026 11:30:43 | I83: -26 | J83: 26.133 | K83: 25/09/2026 | L83: 24/09/2026 | M83: 13:30 - 15:30 | N83: 13:30 - 15:30 | O83: 1 | P83: 0 | Q83: Thường | R83: SR - Omni | S83: TQGTI.DANGNV | T83: Đã PC | U83: TQGP006.0191/HO-8/8-G | W83: TQFD12180 - 0965192298 - PHẠM THỊ HUYỀN: Kh báo mạng chập chờn, đã reboot modem nok. Nhờ kt qua hỗ trợ giúp ạ. ONU 57.00- 0.99- -21.43 | Y83: Giga | Z83: Internet | AA83: Support | AB83: Internet | AC83: Truy cập mạng chậm hoặc chập chờn | AL83: =LEFT(U83,7) -> TQGP006 | AN83: =VLOOKUP(S83,Sheet1!$C:$D,2,0) -> TRANGHT28
A84: 83 | B84: Tây Bắc Bộ | C84: Tuyên Quang | D84: TQTo TIN | E84: Xa Phu Luong-001 | F84: TQAAC6596 | G84: HOÀNG ĐÌNH KHẢI | H84: 23/09/2026 18:04:27 | I84: -26 | J84: 26.133 | K84: 25/09/2026 | M84: 13:30 - 15:30 | O84: 2 | P84: 0 | Q84: Thường | R84: SR-HTKT | S84: TQGTI.BINHLV6 | T84: Đã nhận ca | U84: TQGP026.0023/HO-12/12-G | W84: 0968547869 KH mkn | Y84: F-Game | Z84: Internet | AA84: Support | AB84: Internet | AC84: Không có tín hiệu quang (mkn) | AL84: =LEFT(U84,7) -> TQGP026 | AN84: =VLOOKUP(S84,Sheet1!$C:$D,2,0) -> TAMVTT5
A85: 84 | B85: Tây Bắc Bộ | C85: Tuyên Quang | D85: TQTo TIN | E85: Phuong Minh Xuan-001 | F85: TQAAA1425 | G85: LY VĂN SANG | H85: 24/09/2026 12:11:58 | I85: -26 | J85: 26.133 | K85: 25/09/2026 | M85: 13:30 - 15:30 | O85: 1 | P85: 0 | Q85: Thường | R85: SR-HTKT | S85: TQGTI.THANHNV8 | T85: Đã nhận ca | U85: TQGP006.0329/HO-6/6-G | W85: TQAAA1425 - 0372941182 - Kênh tiếp nhận: live-chat - Sender ID: 0886586800 - SĐT KH cung cấp: Không ghi nhận - Báo hỏng dịch vụ | Y85: Giga | Z85: Internet | AA85: SOS | AB85: Internet | AC85: Không truy cập được một số dịch vụ hoặc website | AL85: =LEFT(U85,7) -> TQGP006 | AN85: =VLOOKUP(S85,Sheet1!$C:$D,2,0) -> TRANGDTH35
A86: 85 | B86: Tây Bắc Bộ | C86: Tuyên Quang | D86: TQTo TIN | E86: Phuong Minh Xuan-001 | F86: TQAAB6368 | G86: BÙI ĐỨC LƯƠNG | H86: 24/09/2026 13:20:50 | I86: -28 | J86: 28.133 | K86: 25/09/2026 | L86: 24/09/2026 | M86: 15:30 - 17:30 | N86: 13:30 - 15:30 | O86: 1 | P86: 0 | Q86: Thường | R86: SR - Omni (HiFPT) | S86: TQGTI.DANGNV | T86: Đã PC | U86: TQGP006.0076/HO-1/1-G | W86: TQAAB6368 - 0818592888 - BÙI ĐỨC LƯƠNG: kh báo: Lỗi Internet, có ip wan, Enable/ Online/ Normal, 48.51/ 2.03/ -20.97, tắt bật tb not ok, chuyển ktv qua ht kh | Y86: Giga | Z86: Internet | AA86: Support | AB86: Internet | AC86: Có IP WAN, không truy cập được | AL86: =LEFT(U86,7) -> TQGP006 | AN86: =VLOOKUP(S86,Sheet1!$C:$D,2,0) -> TRANGHT28
A87: 86 | B87: Tây Bắc Bộ | C87: Tuyên Quang | D87: TQTo TIN | E87: Xa Son Duong-001 | F87: TQAAB6700 | G87: PHÙNG THẾ HÙNG | H87: 22/09/2026 14:34:57 | I87: -28 | J87: 28.133 | K87: 25/09/2026 | M87: 15:30 - 17:30 | O87: 3 | P87: 0 | Q87: Thường | R87: SR-HTKT | S87: TQGTI.CONGND4 | T87: Đã nhận ca | U87: TQGP022.0270/HO-2/2-G | W87: 0388923768 kh báo mạng dùng mỗi CMR mà kém quay tít, báo sửa thì mới đóng tiền nhờ KT hỗ trợ | X87: >> TQGTI.CONGND4 24/09/2026 09:42:47: khg sd cam của nhà cc khc kt kt rs lại modem cho khg khg sd và theo doi thêm | Y87: Giga | Z87: Internet | AA87: Support | AB87: Internet | AC87: WiFi sóng yếu hoặc chập chờn | AL87: =LEFT(U87,7) -> TQGP022 | AN87: =VLOOKUP(S87,Sheet1!$C:$D,2,0) -> LYHK7

Sheet TK
A1: STT | B1: Vùng | C1: Tỉnh thành | D1: Số HĐ | E1: Đối tác | F1: Block | G1: Tên KH | H1: Tình trạng HĐ | I1: Gói dịch vụ | J1: Đơn hàng & Dịch Vụ | K1: Tình trạng | L1: TG tạo PTC | M1: Loại triển khai | N1: Thông số thi công | O1: Lý do không tạo được PTC | P1: Sale HĐ | Q1: Block nhân sự | R1: Nhân sự | S1: TG Hẹn xanh | T1: TG Hẹn đỏ | U1: Tên truy cập | V1: Ghi chú triển khai TIN/PNC | W1: Quản lý
A2: 1 | B2: 11.Tay Bac Bo | C2: Tuyên Quang | D2: TQAAF1352 | E2: TIN TQG | F2: Xa Hung Duc-001- L01 | G2: Ly Thi Huyen | H2: Bình thường | I2: Giga | J2: TQGP40061T55:FPT Camera Combo, FPT Play, Internet | K2: Đã nhận ca | L2: 04-09-2026 13:16:04 | M2: Triển khai mới | N2: TQGP024.0421/HO-8/8-G | P2: tqg.tuenv3 | Q2: Xa Hung Duc-001 | R2: TQGTI.BINHTH1 | T2: 27-09-2026 19:30:00 | U2: Tqfdl-260904-1352 | V2: kh đi vắng mấy hôm. hẹn khi nào về kh gọi>>(TQGTI.BINHTH1 04/09/2026 10:18:17 PM) | W2: =VLOOKUP(R2,Sheet1!$C:$D,2,0) -> TRANGHT28
A3: 2 | B3: 11.Tay Bac Bo | C3: Tuyên Quang | D3: TQAAC3881 | E3: TIN TQG | F3: Xa Hung Duc-001- L01 | G3: TUONG VAN CHINH | H3: Bình thường | I3: Giga | J3: TQGP80063CME:FPT Camera Combo | K3: Đang xử lý | L3: 08-09-2026 09:07:03 | M3: KH nâng cấp dịch vụ gia tăng | N3: TQGP024.0325/HO-5/5-G | P3: hni.huongbt9 | Q3: Xa Hung Duc-001 | R3: TQGTI.BINHTH1 | T3: 27-09-2026 19:30:00 | U3: Tqfdl-250331-3881 | V3: kh bảo hôm nào có lương alo qua lắp>>(TQGTI.BINHTH1 22/09/2026 01:47:44 PM) kh hẹn có lương>>(TQGTI.BINHTH1 20/09/2026 05:32:59 PM) chưa có cam 4s>>(TQGTI.BINHTH1 15/09/2026 04:59:28 PM) kho hết cam 4s. đang đợi điều chuyển>>(TQGTI.BINHTH1 10/09/2026 08:11:12 AM) | W3: =VLOOKUP(R3,Sheet1!$C:$D,2,0) -> TRANGHT28
A4: 3 | B4: 11.Tay Bac Bo | C4: Tuyên Quang | D4: TQAAC8438 | E4: TIN TQG | F4: Xa Hung Duc-001- L01 | G4: LE THI TUYET | H4: Bình thường | I4: Sky | J4: TQGP80063HSM:FPT Camera Combo | K4: Đã phân công | L4: 08-09-2026 17:47:20 | M4: KH nâng cấp dịch vụ gia tăng | N4: TQGP025.0171/HO-8/8-G | P4: hni.anhhp5 | Q4: Xa Hung Duc-001 | R4: TQGTI.BINHTH1 | S4: 28-09-2026 10:00:00 | U4: Tqfdl-250917-8438 | W4: =VLOOKUP(R4,Sheet1!$C:$D,2,0) -> TRANGHT28
A5: 4 | B5: 11.Tay Bac Bo | C5: Tuyên Quang | D5: TQAAF1563 | E5: TIN TQG | F5: Phuong Minh Xuan-001- L05 | G5: Ly Van Nguyen | H5: Bình thường | I5: Giga | J5: TQGP90063QKB:FPT Camera Combo, FPT Play, Internet | K5: Đã nhận ca | L5: 09-09-2026 15:11:55 | M5: Triển khai mới | N5: TQGP009.0251/HO-V/V-G | P5: tqg.hatt47 | Q5: Phuong Minh Xuan-001 | R5: TQGTI.TUANQD | S5: 30-09-2026 17:30:00 | U5: Tqfdl-260909-1563 | V5: khg đi viện chưa về>>(TQGTI.TUANQD 20/09/2026 02:46:21 PM) | W5: =VLOOKUP(R5,Sheet1!$C:$D,2,0) -> TRANGDTH35
A6: 5 | B6: 11.Tay Bac Bo | C6: Tuyên Quang | D6: TQAAE8588 | E6: TIN TQG | F6: Phuong Minh Xuan-001- L04 | G6: Vu Hai Nam | H6: Bình thường | I6: Sky | J6: SSR-TQAAE8588-TDDDNN100926QOT5:FPT Camera, FPT Play, Internet | K6: Đã nhận ca | L6: 10-09-2026 17:39:42 | M6: Chuyển địa điểm | N6: TQGP004.0076/HO-3/3-G | P6: trangdth35 | Q6: Phuong Minh Xuan-001 | R6: TQGTI.THANHNV8 | S6: 24-09-2026 17:30:00 | U6: Tqfdl-260630-8588 | V6: kh vẫn chưa lấy được chìa khoá>>(TQGTI.THANHNV8 17/09/2026 04:09:30 PM) kh hẹn>>(TQGTI.THANHNV8 14/09/2026 04:10:04 PM) kh vẫn chưa lấy được chìa khoá nhà>>(TQGTI.THANHNV8 12/09/2026 03:59:36 PM) kh hẹn>>(TQGTI.THANHNV8 11/09/2026 05:20:49 PM) kh hẹn>>(TQGTI.THANHNV8 11/09/2026 10:33:53 AM) | W6: =VLOOKUP(R6,Sheet1!$C:$D,2,0) -> TRANGDTH35
A7: 6 | B7: 11.Tay Bac Bo | C7: Tuyên Quang | D7: TQAAF1606 | E7: TIN TQG | F7: Xa Chiem Hoa-001- L04 | G7: NGuyen Van Binh | H7: Bình thường | I7: Giga | J7: TQGPB00648F4:FPT Camera Combo, FPT Play, Internet | K7: Đã nhận ca | L7: 11-09-2026 10:46:59 | M7: Triển khai mới | N7: TQGP033.0266/HO-1/1-G | P7: tqg.chungnd7 | Q7: Xa Chiem Hoa-001 | R7: TQGTI.TIENVT3 | S7: 26-09-2026 10:00:00 | U7: Tqfdl-260911-1606 | V7: Nhà kh đang thi công , chưa có điện , hẹn ngày 17 thi công>>(TQGTI.TIENVT3 14/09/2026 02:42:16 PM) Phân tuyến trên Inside TQGTI.CHIENMM>>(Hahh.tin 14/09/2026 09:43:47 AM) | W7: =VLOOKUP(R7,Sheet1!$C:$D,2,0) -> UYENHT15
A8: 7 | B8: 11.Tay Bac Bo | C8: Tuyên Quang | D8: TQAAF1594 | E8: TIN TQG | F8: Xa Yen Son-001- L02 | G8: Do Thi Ha | H8: Bình thường | I8: Giga | J8: TQGPC0064RN6:FPT Camera Combo, FPT Play, Internet | K8: Đã phân công | L8: 12-09-2026 22:10:47 | M8: Triển khai mới | N8: TQGP008.0245/HO-1/1-G | P8: hni.huyennt306 | Q8: Phuong Minh Xuan-001 | R8: TQGTI.NAMVD2 | S8: 25-09-2026 12:00:00 | U8: Tqfdl-260912-1594 | V8: Phân tuyến trên Inside TQGTI.NAMVD2>>(Nghiavm1.tin 22/09/2026 02:03:22 PM) Phân tuyến trên Inside TQGTI.NAMVD2>>(Nghiavm1.tin 15/09/2026 10:01:33 AM) Micro-PTC-NOT-OK(TQGTI.NAMVD2) - 14/09/2026 13:46:35; -> ; Chuyển thi công-hni.huyennt306-14/09/2026 13:57:46-SaleClub: nhà khách có đám hiêú nên khách hẹn cuối tháng xong công việc lắp ;Micro-PTC-NOT-OK(TQGTI.NAMVD2) - 18/09/2026 11:44:00; -> ; Chuyển thi công-hni.huyennt306-19/09/2026 09:06:12-SaleClub: Nhà khách có đám hiêú chưa xong. khách yêu cầu lắp vào ngày 25/9 ; | W8: =VLOOKUP(R8,Sheet1!$C:$D,2,0) -> TRANGDTH35
A9: 8 | B9: 11.Tay Bac Bo | C9: Tuyên Quang | D9: TQAAF1623 | E9: TIN TQG | F9: Xa Ham Yen-001- L02 | G9: Nguyen Hoai Linh | H9: Bình thường | I9: Sky F1 | J9: TQGPE00658AM:Internet | K9: Đã nhận ca | L9: 14-09-2026 07:41:40 | M9: Triển khai mới | N9: TQGP029.0026/HO-3/3-G | P9: tqg.chinhkt | Q9: Xa Ham Yen-001 | R9: TQGTI.CAOTT | S9: 30-09-2026 17:30:00 | U9: Tqfdl-260914-1623 | V9: kh chưa xđ Tgian lắp đặt>>(TQGTI.CAOTT 20/09/2026 05:00:55 PM) | W9: =VLOOKUP(R9,Sheet1!$C:$D,2,0) -> UYENHT15
A10: 9 | B10: 11.Tay Bac Bo | C10: Tuyên Quang | D10: TQAAF1600 | E10: TIN TQG | F10: Xa Phu Luong-001- L02 | G10: Do Minh Nam | H10: Bình thường | I10: Sky | J10: TQGPE0065BJ0:FPT Camera Combo, Internet | K10: Đang xử lý | L10: 14-09-2026 09:28:50 | M10: Triển khai mới | N10: TQGP026.0029/HO-11/11-G | P10: tqg.huongnt153 | Q10: Xa Phu Luong-001 | R10: TQGTI.BINHLV6 | S10: 19-09-2026 17:30:00 | U10: Tqfdl-260914-1600 | W10: =VLOOKUP(R10,Sheet1!$C:$D,2,0) -> TAMVTT5
A11: 10 | B11: 11.Tay Bac Bo | C11: Tuyên Quang | D11: TQAAF1677 | E11: TIN TQG | F11: Phuong An Tuong-001- L02 | G11: NGUYEN THO PHUONG | H11: Bình thường | I11: Giga | J11: TQGPE0065D8P:FPT Camera Combo, FPT Play, Internet | K11: Đã nhận ca | L11: 14-09-2026 11:48:54 | M11: Triển khai mới | N11: TQGP005.0314/HO-8/8-G | P11: hcm.sonlv20 | Q11: Phuong An Tuong-001 | R11: TQGTI.GIANGVH2 | S11: 30-09-2026 10:00:00 | U11: Tqfdl-260914-1677 | W11: =VLOOKUP(R11,Sheet1!$C:$D,2,0) -> ANHHV15
A12: 11 | B12: 11.Tay Bac Bo | C12: Tuyên Quang | D12: TQAAF1592 | E12: TIN TQG | F12: Xa Yen Son-001- L01 | G12: Ma Van Muoi | H12: Bình thường | I12: Giga | J12: TQGPF0065S1F:FPT Play | K12: Đã nhận ca | L12: 15-09-2026 20:34:34 | M12: KH nâng cấp dịch vụ gia tăng | N12: TQGP038.0264/HO-3/3-G | P12: tqg.tuenv3 | Q12: Xa Yen Son-001 | R12: TQGTI.CUONGDD9 | S12: 25-09-2026 10:00:00 | T12: 22-09-2026 15:30:00 | U12: Tqfdl-260911-1592 | W12: =VLOOKUP(R12,Sheet1!$C:$D,2,0) -> TRANGDTH35
A13: 12 | B13: 11.Tay Bac Bo | C13: Tuyên Quang | D13: TQAAF1767 | E13: TIN TQG | F13: Xa Ham Yen-001- L02 | G13: Nguyen Quoc Huy | H13: Bình thường | I13: Giga | J13: TQGPH0066B9D:FPT Camera Combo, FPT Play, Internet | K13: Đã nhận ca | L13: 17-09-2026 10:13:31 | M13: Triển khai mới | N13: TQGP029.0110/HO-4/4-G | P13: tqg.datnt473 | Q13: Xa Ham Yen-001 | R13: TQGTI.CAOTT | S13: 24-09-2026 17:30:00 | U13: Tqfdl-260917-1767 | V13: kh đi vắng.hẹn t3 mới về>>(TQGTI.CAOTT 20/09/2026 03:01:09 PM) | W13: =VLOOKUP(R13,Sheet1!$C:$D,2,0) -> UYENHT15
A14: 13 | B14: 11.Tay Bac Bo | C14: Tuyên Quang | D14: TQAAF1779 | E14: TIN TQG | F14: Xa Yen Son-001- L02 | G14: Do Xuan Hoa | H14: Bình thường | I14: Giga | J14: TQGPH0066BM9:FPT Play, Internet | K14: Đã nhận ca | L14: 17-09-2026 10:40:36 | M14: Triển khai mới | N14: TQGP008.0361/HO-3/3-G | P14: hni.lamtt34 | Q14: Xa Yen Son-001 | R14: TQGTI.TUNGDT4 | T14: 24-09-2026 17:30:00 | U14: Tqfdl-260917-1779 | V14: Micro-PTC-NOT-OK(TQGTI.TUNGDT4) - 21/09/2026 06:52:56; -> ; Chuyển thi công-hni.lamtt34-21/09/2026 14:45:20-SaleClub: đã mở port; | W14: =VLOOKUP(R14,Sheet1!$C:$D,2,0) -> TRANGHT28
A15: 14 | B15: 11.Tay Bac Bo | C15: Tuyên Quang | D15: TQAAF1800 | E15: TIN TQG | F15: Xa Yen Son-001- L02 | G15: Nguyen Thi Tuyen | H15: Bình thường | I15: Giga | J15: TQGPH0066CZL:FPT Camera Combo, FPT Play, Internet | K15: Đã nhận ca | L15: 17-09-2026 13:06:43 | M15: Triển khai mới | N15: TQGP008.0126/HO-15/15-G | P15: tqg.hant275 | Q15: Xa Hung Duc-001 | R15: TQGTI.TRUNGNX3 | S15: 27-09-2026 17:30:00 | U15: Tqfdl-260917-1800 | V15: Phân tuyến trên Inside TQGTI.TRUNGNX3>>(Nghiavm1.tin 24/09/2026 07:39:33 AM) Phân tuyến trên Inside TQGTI.TUNGDT4>>(Nghiavm1.tin 20/09/2026 08:06:24 AM) Phân tuyến trên Inside TQGTI.NGHIANV6>>(longtt.tin 18/09/2026 11:46:28 PM) | W15: =VLOOKUP(R15,Sheet1!$C:$D,2,0) -> TRANGHT28
A16: 15 | B16: 11.Tay Bac Bo | C16: Tuyên Quang | D16: TQAAF1774 | E16: TIN TQG | F16: Xa Yen Son-001- L02 | G16: LE THI CHANG | H16: Bình thường | I16: Sky | J16: TQGPH0066JHU:FPT Camera Combo, Internet | K16: Đã nhận ca | L16: 17-09-2026 16:08:02 | M16: Triển khai mới | N16: TQGP008.0366/HO-V/V-G | P16: tqg.oanhhtk | Q16: Xa Hung Duc-001 | R16: TQGTI.TRUNGNX3 | S16: 25-09-2026 10:00:00 | U16: Tqfdl-260917-1774 | W16: =VLOOKUP(R16,Sheet1!$C:$D,2,0) -> TRANGHT28
A17: 16 | B17: 11.Tay Bac Bo | C17: Tuyên Quang | D17: TQAAF1812 | E17: TIN TQG | F17: Phuong Minh Xuan-001- L03 | G17: LUONG THI ANH HONG | H17: Bình thường | I17: Sky | J17: TQGPH0066JYB:FPT Camera Combo, Internet | K17: Đã nhận ca | L17: 17-09-2026 16:21:12 | M17: Triển khai mới | N17: TQGP003.0175/HO-11/11-G | P17: tqg.oanhhtk | Q17: Phuong Minh Xuan-001 | R17: TQGTI.TUANQD | S17: 25-09-2026 17:30:00 | U17: Tqfdl-260917-1812 | V17: Phân tuyến trên Inside TQGTI.TUANQD>>(Nghiavm1.tin 22/09/2026 07:38:44 AM) Phân tuyến trên Inside TQGTI.THANHNV8>>(Nghiavm1.tin 20/09/2026 03:24:46 PM) Phân tuyến trên Inside TQGTI.TUANQD>>(Nghiavm1.tin 20/09/2026 02:43:34 PM) | W17: =VLOOKUP(R17,Sheet1!$C:$D,2,0) -> TRANGDTH35
A18: 17 | B18: 11.Tay Bac Bo | C18: Tuyên Quang | D18: TQAAF1839 | E18: TIN TQG | F18: Xa Phu Luong-001- L01 | G18: DAO THI DIEM | H18: Bình thường | I18: Giga | J18: TQGPH0066LV3:FPT Play, Internet | K18: Đã nhận ca | L18: 17-09-2026 19:16:30 | M18: Triển khai mới | N18: TQGP032.0178/HO-1/1-G | P18: hni.quannh79 | Q18: Xa Phu Luong-001 | R18: TQGTI.QUYETNT1 | T18: 22-09-2026 19:30:00 | U18: Tqfdl-260917-1839 | V18: khâch hen 2 3 hôm nưaz mới keo>>(TQGTI.QUYETNT1 21/09/2026 05:37:21 PM) | W18: =VLOOKUP(R18,Sheet1!$C:$D,2,0) -> TAMVTT5
A19: 18 | B19: 11.Tay Bac Bo | C19: Tuyên Quang | D19: TQAAF1494 | E19: TIN TQG | F19: Phuong Minh Xuan-001- L05 | G19: Hoang Trung Kien | H19: Bình thường | I19: Giga | J19: TQGPH0066MHU:FPT Camera Combo, FPT Play, Internet | K19: Đã nhận ca | L19: 17-09-2026 20:58:59 | M19: Triển khai mới | N19: TQGP009.0219/HO-8/8-G | P19: tqg.chinhkt | Q19: Phuong Minh Xuan-001 | R19: TQGTI.TUANQD | S19: 30-09-2026 15:30:00 | U19: Tqfdl-260909-1494 | V19: chưa nâng cấp post>>(TQGTI.TUANQD 19/09/2026 09:46:38 AM) | W19: =VLOOKUP(R19,Sheet1!$C:$D,2,0) -> TRANGDTH35
A20: 19 | B20: 11.Tay Bac Bo | C20: Tuyên Quang | D20: TQAAF1784 | E20: TIN TQG | F20: Xa Chiem Hoa-001- L04 | G20: HOANG VAN TUY | H20: Bình thường | I20: Giga | J20: TQGPI0066TSV:FPT Camera Combo, FPT Play, Internet | K20: Đã nhận ca | L20: 18-09-2026 11:52:11 | M20: Triển khai mới | N20: TQGP033.0341/HO-5/5-G | P20: hni.ngaltt13 | Q20: Xa Chiem Hoa-001 | R20: TQGTI.TIENVT3 | S20: 25-09-2026 10:00:00 | U20: Tqfdl-260918-1784 | V20: kh hẹn tháng sau thi công>>(TQGTI.TIENVT3 23/09/2026 08:35:21 AM) Phân tuyến trên Inside TQGTI.CHIENMM>>(Hahh.tin 21/09/2026 02:47:40 PM) | W20: =VLOOKUP(R20,Sheet1!$C:$D,2,0) -> UYENHT15
A21: 20 | B21: 11.Tay Bac Bo | C21: Tuyên Quang | D21: TQAAB7690 | E21: TIN TQG | F21: Xa Hung Duc-001- L02 | G21: DAO THI THAO | H21: Bình thường | I21: Giga | J21: TQGPI0066VI2:FPT Camera Combo | K21: Đã nhận ca | L21: 18-09-2026 15:14:08 | M21: KH nâng cấp dịch vụ gia tăng | N21: TQGP025.0075/HO-7/7-G | P21: hni.thuht22 | Q21: Xa Hung Duc-001 | R21: TQGTI.TRUNGNX3 | T21: 24-09-2026 19:30:00 | U21: Tqfdl-240711-7690 | V21: kh hen>>(TQGTI.TRUNGNX3 24/09/2026 11:31:03 AM) kh hẹn>>(TQGTI.TRUNGNX3 24/09/2026 02:52:40 AM) hẹn kh>>(TQGTI.TRUNGNX3 23/09/2026 05:03:01 PM) hẹn kh>>(TQGTI.TRUNGNX3 23/09/2026 03:08:34 PM) hẹn kh>>(TQGTI.TRUNGNX3 23/09/2026 11:39:44 AM) hẹn kh>>(TQGTI.TRUNGNX3 22/09/2026 07:17:13 PM) kh hen>>(TQGTI.TRUNGNX3 22/09/2026 09:32:46 AM) hẹn kh>>(TQGTI.TRUNGNX3 20/09/2026 04:49:06 PM) kh hẹn>>(TQGTI.TRUNGNX3 19/09/2026 06:51:02 PM) hẹn kh>>(TQGTI.TRUNGNX3 19/09/2026 10:22:10 AM) | W21: =VLOOKUP(R21,Sheet1!$C:$D,2,0) -> TRANGHT28
A22: 21 | B22: 11.Tay Bac Bo | C22: Tuyên Quang | D22: TQAAC0965 | E22: TIN TQG | F22: Xa Yen Son-001 | G22: NGUYEN THI XUYEN | H22: Chủ thuê bao đi vắng | I22: Giga | J22: TQGPI0066WKI:FPT Play, Internet | K22: Đã nhận ca | L22: 18-09-2026 16:35:21 | M22: Khôi phục dịch vụ | P22: tqg.huongtt33 | Q22: Phuong Minh Xuan-001 | R22: TQGTI.DANGNV | T22: 24-09-2026 15:30:00 | U22: Tqfdl-241209-0965 | V22: chưa có thiết bị>>(Nghiavm1.tin 22/09/2026 09:47:41 AM) Phân tuyến trên Inside TQGTI.THANHNV8>>(Nghiavm1.tin 21/09/2026 07:42:55 AM) | W22: =VLOOKUP(R22,Sheet1!$C:$D,2,0) -> TRANGHT28
A23: 22 | B23: 11.Tay Bac Bo | C23: Tuyên Quang | D23: TQAAF1350 | E23: TIN TQG | F23: Phuong Minh Xuan-001- L04 | G23: Tran Trung Kien | H23: Bình thường | I23: Sky | J23: TQGPI0066X4L:FPT Play | K23: Đã nhận ca | L23: 18-09-2026 17:28:12 | M23: KH nâng cấp dịch vụ gia tăng | N23: TQGP003.0080/HO-16/16-G | P23: tqg.vannt27 | Q23: Phuong Minh Xuan-001 | R23: TQGTI.DANGNV | S23: 27-09-2026 10:00:00 | U23: Tqfdl-260905-1350 | V23: ko có box>>(TQGTI.DANGNV 23/09/2026 08:31:19 AM) ko có box tsd. kt goi kh hen nhung thue bao>>(TQGTI.DANGNV 21/09/2026 09:23:50 AM) | W23: =VLOOKUP(R23,Sheet1!$C:$D,2,0) -> TRANGHT28
A24: 23 | B24: 11.Tay Bac Bo | C24: Tuyên Quang | D24: TQAAF1766 | E24: TIN TQG | F24: Phuong Minh Xuan-001- L05 | G24: Tran Duy Long | H24: Bình thường | I24: Giga | J24: TQGPJ00672M1:FPT Camera Combo, FPT Play, Internet | K24: Đã nhận ca | L24: 19-09-2026 08:04:50 | M24: Triển khai mới | N24: TQGP009.0050/HO-V/V-G | P24: tqg.tuenv3 | Q24: Phuong Minh Xuan-001 | R24: TQGTI.TUANQD | S24: 30-09-2026 12:00:00 | U24: Tqfdl-260919-1766 | W24: =VLOOKUP(R24,Sheet1!$C:$D,2,0) -> TRANGDTH35
A25: 24 | B25: 11.Tay Bac Bo | C25: Tuyên Quang | D25: TQAAF0857 | E25: TIN TQG | F25: Phuong An Tuong-001- L04 | G25: Vu Van Huy | H25: Bình thường | I25: Giga | J25: TQGPJ00674X5:FPT Play | K25: Đã nhận ca | L25: 19-09-2026 09:28:39 | M25: KH nâng cấp dịch vụ gia tăng | N25: TQGP001.0086/HO-6/6-G | P25: tqg.huongnt153 | Q25: Phuong An Tuong-001 | R25: TQGTI.CUHA | T25: 24-09-2026 17:30:00 | U25: Tqfdl-260822-0857 | V25: kho dang ko co hang>>(TQGTI.CUHA 22/09/2026 01:52:59 PM) vat tu kt dang het>>(TQGTI.CUHA 21/09/2026 04:51:37 PM) Phân tuyến trên Inside TQGTI.CUHA>>(longtt.tin 21/09/2026 09:40:22 AM) chưa có thiêt bị tương ứng hẹn lại>>(TQGTI.GIANGVH2 20/09/2026 10:38:59 AM) chưa có Tb tương ứng hẹn lại kh>>(TQGTI.GIANGVH2 19/09/2026 09:36:01 AM) | W25: =VLOOKUP(R25,Sheet1!$C:$D,2,0) -> HUONGTT33
A26: 25 | B26: 11.Tay Bac Bo | C26: Tuyên Quang | D26: TQAAF1835 | E26: TIN TQG | F26: Phuong My Lam-001- L02 | G26: Nguyen Thi Ly | H26: Bình thường | I26: Sky | J26: TQGPJ006781I:Internet | K26: Đã phân công | L26: 19-09-2026 14:28:34 | M26: Triển khai mới | N26: TQGP013.0026/HO-4/4-G | P26: tqg.hatt47 | Q26: Phuong My Lam-001 | R26: TQGTI.ANHPH3 | S26: 25-09-2026 17:30:00 | U26: Tqfdl-260919-1835 | V26: Phân tuyến trên Inside TQGTI.ANHPH3>>(Nghiavm1.tin 23/09/2026 08:13:07 AM) sale báo xin nang hộp>>(TQGTI.DANGNV 21/09/2026 11:12:30 AM) Phân tuyến trên Inside TQGTI.DANGNV>>(Nghiavm1.tin 21/09/2026 07:33:37 AM) | W26: =VLOOKUP(R26,Sheet1!$C:$D,2,0) -> HUONGTT33
A27: 26 | B27: 11.Tay Bac Bo | C27: Tuyên Quang | D27: TQFD21667 | E27: TIN TQG | F27: Xa Yen Son-001- L02 | G27: TUONG VAN NOI | H27: Bình thường | I27: Sky | J27: TQGPK0067Q7I:FPT Camera Combo | K27: Đã nhận ca | L27: 20-09-2026 18:13:06 | M27: KH nâng cấp dịch vụ gia tăng | N27: TQGP008.0314/HO-6/6-G | P27: 0858600063 | Q27: Xa Yen Son-001 | R27: TQGTI.TUNGDT4 | S27: 30-09-2026 17:30:00 | U27: Tqfdl-211010-667 | V27: kh di la,o HN chua ve khi nao vè kh lien he lqi de lap dat>>(TQGTI.TUNGDT4 23/09/2026 02:34:32 PM) | W27: =VLOOKUP(R27,Sheet1!$C:$D,2,0) -> TRANGHT28
A28: 27 | B28: 11.Tay Bac Bo | C28: Tuyên Quang | D28: TQLS00116 | E28: TIN TQG | F28: Phuong My Lam-001- L02 | G28: Pham Anh Hung | H28: Bình thường | I28: SDWAN 70 | J28: SDWAN70_88090:SDWAN70 | K28: Đã nhận ca | L28: 21-09-2026 09:01:25 | M28: Triển khai mới | N28: TQGP013.0053/HO-1/1-G | P28: LyTT11 | Q28: Phuong My Lam-001 | R28: TQGTI.QUANDM2 | S28: 25-09-2026 15:30:00 | U28: TQfdl-260916-116 | V28: Phân tuyến trên Inside TQGTI.QUANDM2>>(Nghiavm1.tin 24/09/2026 09:50:29 AM) Phân tuyến trên Inside TQGTI.ANHPH3>>(Nghiavm1.tin 23/09/2026 07:54:49 AM) | W28: =VLOOKUP(R28,Sheet1!$C:$D,2,0) -> HUONGTT33
A29: 28 | B29: 11.Tay Bac Bo | C29: Tuyên Quang | D29: TQLS00115 | E29: TIN TQG | F29: Xa Phu Luong-001- L01 | G29: Pham Anh Hung | H29: Bình thường | I29: SDWAN 70 | J29: SDWAN70_88089:SDWAN70 | K29: Đã nhận ca | L29: 21-09-2026 09:13:44 | M29: Triển khai mới | N29: TQGP031.0136/HO-2/2-G | P29: LyTT11 | Q29: Xa Phu Luong-001 | R29: TQGTI.QUYETNT1 | S29: 25-09-2026 10:00:00 | U29: TQfdl-260916-115 | W29: =VLOOKUP(R29,Sheet1!$C:$D,2,0) -> TAMVTT5
A30: 29 | B30: 11.Tay Bac Bo | C30: Tuyên Quang | D30: TQAAF1819 | E30: TIN TQG | F30: Xa Ham Yen-001- L02 | G30: Dang Van Trung | H30: Bình thường | I30: Giga | J30: TQGPL0068019:FPT Camera Combo, FPT Play, Internet | K30: Đã nhận ca | L30: 21-09-2026 10:35:22 | M30: Triển khai mới | N30: TQGP029.0384/HO-6/6-G | P30: tqg.thutt45 | Q30: Xa Ham Yen-001 | R30: TQGTI.HUNGCV4 | S30: 24-09-2026 15:30:00 | U30: Tqfdl-260921-1819 | V30: Phân tuyến trên Inside TQGTI.HUNGCV4>>(Hahh.tin 22/09/2026 08:41:10 AM) | W30: =VLOOKUP(R30,Sheet1!$C:$D,2,0) -> UYENHT15
A31: 30 | B31: 11.Tay Bac Bo | C31: Tuyên Quang | D31: TQAAF1858 | E31: TIN TQG | F31: Phuong Minh Xuan-001- L05 | G31: Ban Duc The | H31: Bình thường | I31: Giga | J31: TQGPL00680D7:FPT Camera Combo, FPT Play, Internet | K31: Đã nhận ca | L31: 21-09-2026 10:59:56 | M31: Triển khai mới | N31: TQGP009.0350/HO-1/1-G | P31: tqg.dunght29 | Q31: Phuong Minh Xuan-001 | R31: TQGTI.TUANQD | S31: 25-09-2026 17:30:00 | U31: Tqfdl-260921-1858 | W31: =VLOOKUP(R31,Sheet1!$C:$D,2,0) -> TRANGDTH35
A32: 31 | B32: 11.Tay Bac Bo | C32: Tuyên Quang | D32: TQAAE0085 | E32: TIN TQG | F32: Phuong My Lam-001- L01 | G32: NGUYEN HONG LOAN | H32: Bình thường | I32: Sky | J32: TQGPL00680FM:FPT Camera Combo | K32: Đã nhận ca | L32: 21-09-2026 11:04:47 | M32: KH nâng cấp dịch vụ gia tăng | N32: TQGP013.0239/HO-10/10-G | P32: hni.huongttt50 | Q32: Phuong My Lam-001 | R32: TQGTI.QUANDM2 | S32: 27-09-2026 10:00:00 | U32: Tqfdl-251022-0085 | V32: kt lhe khg knm, kt qua nha khg chi co ba o nha. chd di lam xa. k co nha, kt tich hen lai>>(TQGTI.QUANDM2 24/09/2026 10:25:11 AM) | W32: =VLOOKUP(R32,Sheet1!$C:$D,2,0) -> HUONGTT33
A33: 32 | B33: 11.Tay Bac Bo | C33: Tuyên Quang | D33: TQAAF1904 | E33: TIN TQG | F33: Phuong Minh Xuan-001- L04 | G33: Nguyen Tung Lam | H33: Bình thường | I33: Giga | J33: TQGPL00684EY:FPT Play, Internet | K33: Đã nhận ca | L33: 21-09-2026 17:51:36 | M33: Triển khai mới | N33: TQGP004.0182/HO-2/2-G | P33: tqg.anhpl2 | Q33: Phuong Minh Xuan-001 | R33: TQGTI.NAMVD2 | S33: 27-09-2026 17:30:00 | U33: Tqfdl-260921-1904 | V33: Phân tuyến trên Inside TQGTI.NAMVD2>>(Nghiavm1.tin 22/09/2026 07:39:02 AM) | W33: =VLOOKUP(R33,Sheet1!$C:$D,2,0) -> TRANGDTH35
A34: 33 | B34: 11.Tay Bac Bo | C34: Tuyên Quang | D34: TQAAF1878 | E34: TIN TQG | F34: Phuong My Lam-001- L03 | G34: Vuong Van Phu | H34: Bình thường | I34: Giga | J34: TQGPL00684OI:FPT Camera Combo, FPT Play, Internet | K34: Đã nhận ca | L34: 21-09-2026 18:20:00 | M34: Triển khai mới | N34: TQGP013.0223/HO-V/V-G | P34: tqg.hatt47 | Q34: Phuong My Lam-001 | R34: TQGTI.ANHPH3 | T34: 24-09-2026 17:30:00 | U34: Tqfdl-260921-1878 | V34: chua xly kip>>(TQGTI.ANHPH3 23/09/2026 05:24:45 PM) chua xly kip>>(TQGTI.ANHPH3 23/09/2026 11:48:10 AM) kh vắng nhà>>(TQGTI.THANHNV8 22/09/2026 09:13:34 AM) Phân tuyến trên Inside TQGTI.THANHNV8>>(Nghiavm1.tin 22/09/2026 08:46:43 AM) | W34: =VLOOKUP(R34,Sheet1!$C:$D,2,0) -> HUONGTT33
A35: 34 | B35: 11.Tay Bac Bo | C35: Tuyên Quang | D35: TQD000999 | E35: TIN TQG | F35: Phuong Minh Xuan-001- L04 | G35: Chau Van Thach | H35: Bình thường | I35: Giga | J35: TQGPL006858C:Sản phẩm khác | K35: Đã nhận ca | L35: 21-09-2026 19:33:55 | M35: Khách hàng mua/đổi thiết bị | N35: TQGP004.0186/HO-8/8-G | P35: hni.tin.ngocbtb1 | Q35: Phuong Minh Xuan-001 | R35: TQGTI.TUANQD | T35: 24-09-2026 17:30:00 | U35: Tqdsl-140711-999 | W35: =VLOOKUP(R35,Sheet1!$C:$D,2,0) -> TRANGDTH35
A36: 35 | B36: 11.Tay Bac Bo | C36: Tuyên Quang | D36: TQAAF1832 | E36: TIN TQG | F36: Xa Dong Tho-001- L02 | G36: NGUYEN VAN LUU | H36: Bình thường | I36: Giga | J36: TQGPL00685JH:FPT Play, Internet | K36: Đã nhận ca | L36: 21-09-2026 20:45:16 | M36: Triển khai mới | N36: TQGP032.0329/HO-V/V-G | P36: qnh.hoangbt6 | Q36: Xa Dong Tho-001 | R36: TQGTI.NGHIANV6 | S36: 26-09-2026 10:00:00 | U36: Tqfdl-260921-1832 | W36: =VLOOKUP(R36,Sheet1!$C:$D,2,0) -> LYHK7
A37: 36 | B37: 11.Tay Bac Bo | C37: Tuyên Quang | D37: TQAAF1851 | E37: TIN TQG | F37: Xa Nhu Khe-001- L02 | G37: Nguyen Thi Minh Tam | H37: Bình thường | I37: Sky | J37: TQGPL00685QY:Internet | K37: Đã nhận ca | L37: 21-09-2026 21:09:36 | M37: Triển khai mới | N37: TQGP016.0131/HO-1/1-G | P37: hcm.nguyenndk | Q37: Xa Nhu Khe-001 | R37: TQGTI.KHANHLQ1 | S37: 25-09-2026 17:30:00 | U37: Tqfdl-260921-1851 | V37: khg bao k ai ở nhà hẹn mai có ng ở nhà sẽ nhắn lại>>(TQGTI.KHANHLQ1 24/09/2026 08:59:30 AM) | W37: =VLOOKUP(R37,Sheet1!$C:$D,2,0) -> ANHHV15
A38: 37 | B38: 11.Tay Bac Bo | C38: Tuyên Quang | D38: TQAAF0835 | E38: TIN TQG | F38: Xa Son Duong-001 | G38: Hoang Huy Hung | H38: Bình thường | I38: Sky | J38: SSR-TQAAF0835-TDDDAM220926YFX1:Internet | K38: Đã nhận ca | L38: 22-09-2026 08:27:41 | M38: Chuyển địa điểm | N38: TQGP022.0319/HO-1/1-G | P38: LyHK7 | Q38: Xa Phu Luong-001 | R38: TQGTI.BINHLV6 | S38: 24-09-2026 15:30:00 | U38: Tqfdl-260821-0835 | W38: =VLOOKUP(R38,Sheet1!$C:$D,2,0) -> TAMVTT5
A39: 38 | B39: 11.Tay Bac Bo | C39: Tuyên Quang | D39: TQFD22130 | E39: TIN TQG | F39: Xa Yen Son-001- L02 | G39: BAN THI HOI | H39: Bình thường | I39: Sky | J39: TQGPM0068BAI:FPT Camera Combo | K39: Đã nhận ca | L39: 22-09-2026 09:19:10 | M39: KH nâng cấp dịch vụ gia tăng | N39: TQGP008.0225/HO-5/5-G | P39: hni.quyennt85 | Q39: Xa Yen Son-001 | R39: TQGTI.TUNGDT4 | S39: 24-09-2026 17:30:00 | U39: Tqfdl-211111-130 | V39: kh hen mai lap dat>>(TQGTI.TUNGDT4 23/09/2026 02:28:28 PM) | W39: =VLOOKUP(R39,Sheet1!$C:$D,2,0) -> TRANGHT28
A40: 39 | B40: 11.Tay Bac Bo | C40: Tuyên Quang | D40: TQAAF1884 | E40: TIN TQG | F40: Xa Chiem Hoa-001- L01 | G40: Seo Van Dai | H40: Bình thường | I40: Sky F1 | J40: TQGPM0068C3L:FPT Camera Combo, Internet | K40: Đã nhận ca | L40: 22-09-2026 10:18:17 | M40: Triển khai mới | N40: TQGP036.0345/HO-V/V-G | P40: tqg.datnt473 | Q40: Xa Chiem Hoa-001 | R40: TQGTI.HUNGDQ5 | S40: 24-09-2026 17:30:00 | U40: Tqfdl-260922-1884 | V40: Phân tuyến trên Inside TQGTI.HUNGDQ5>>(Hahh.tin 23/09/2026 09:41:19 PM) | W40: =VLOOKUP(R40,Sheet1!$C:$D,2,0) -> HUONGTT33
A41: 40 | B41: 11.Tay Bac Bo | C41: Tuyên Quang | D41: TQAAF1890 | E41: TIN TQG | F41: Xa Son Duong-001- L01 | G41: Dam Thi Thanh Van | H41: Bình thường | I41: Giga | J41: TQGPM0068C6R:FPT Camera Combo, FPT Play, Internet | K41: Đã nhận ca | L41: 22-09-2026 10:25:40 | M41: Triển khai mới | N41: TQGP022.0262/HO-2/2-G | P41: tqg.thangtv40 | Q41: Xa Son Duong-001 | R41: TQGTI.CONGND4 | S41: 25-09-2026 17:30:00 | U41: Tqfdl-260922-1890 | W41: =VLOOKUP(R41,Sheet1!$C:$D,2,0) -> LYHK7
A42: 41 | B42: 11.Tay Bac Bo | C42: Tuyên Quang | D42: TQAAF1911 | E42: TIN TQG | F42: Xa Chiem Hoa-001- L01 | G42: Quan Van Ngo | H42: Bình thường | I42: Giga | J42: TQGPM0068CW9:FPT Camera Combo, FPT Play, Internet | K42: Đã nhận ca | L42: 22-09-2026 11:23:14 | M42: Triển khai mới | N42: TQGP036.0345/HO-V/V-G | P42: tqg.hieplv12 | Q42: Xa Chiem Hoa-001 | R42: TQGTI.HOANQV | T42: 24-09-2026 17:30:00 | U42: Tqfdl-260922-1911 | V42: kt liên hệ khg. khg báo dg đi làm việc xa nhà chưa tk dk>>(TQGTI.HOANQV 23/09/2026 02:48:12 PM) | W42: =VLOOKUP(R42,Sheet1!$C:$D,2,0) -> HUONGTT33
A43: 42 | B43: 11.Tay Bac Bo | C43: Tuyên Quang | D43: TQAAF1914 | E43: TIN TQG | F43: Xa Ham Yen-001- L03 | G43: Dang Van Quan | H43: Bình thường | I43: Sky | J43: TQGPM0068EO1:FPT Camera Combo, Internet | K43: Đã nhận ca | L43: 22-09-2026 14:39:11 | M43: Triển khai mới | N43: TQGP028.0418/HO-7/7-G | P43: tqg.chinhkt | Q43: Xa Ham Yen-001 | R43: TQGTI.TUANLQ2 | S43: 24-09-2026 17:30:00 | U43: Tqfdl-260922-1914 | W43: =VLOOKUP(R43,Sheet1!$C:$D,2,0) -> UYENHT15
A44: 43 | B44: 11.Tay Bac Bo | C44: Tuyên Quang | D44: TQAAF1923 | E44: TIN TQG | F44: Xa Chiem Hoa-001- L04 | G44: Hua Van Hoi | H44: Bình thường | I44: Giga | J44: TQGPM0068EYX:FPT Camera Combo, FPT Play, Internet | K44: Đã nhận ca | L44: 22-09-2026 15:13:21 | M44: Triển khai mới | N44: TQGP033.0379/HO-4/4-G | P44: tqg.hatt47 | Q44: Xa Chiem Hoa-001 | R44: TQGTI.TIENVT3 | S44: 28-09-2026 10:00:00 | U44: Tqfdl-260922-1923 | V44: Phân tuyến trên Inside TQGTI.TIENVT3>>(Hahh.tin 23/09/2026 09:35:03 PM) Phân tuyến trên Inside TQGTI.CHIENMM>>(Hahh.tin 22/09/2026 04:50:18 PM) | W44: =VLOOKUP(R44,Sheet1!$C:$D,2,0) -> UYENHT15
A45: 44 | B45: 11.Tay Bac Bo | C45: Tuyên Quang | D45: TQAAF1938 | E45: TIN TQG | F45: Xa Chiem Hoa-001- L01 | G45: Vi Thi Huyen | H45: Bình thường | I45: Giga | J45: TQGPM0068G3G:FPT Camera Combo, FPT Play, Internet | K45: Đã nhận ca | L45: 22-09-2026 17:26:50 | M45: Triển khai mới | N45: TQGP036.0345/HO-V/V-G | P45: tqg.linhnt356 | Q45: Xa Chiem Hoa-001 | R45: TQGTI.HUNGDQ5 | S45: 27-09-2026 17:30:00 | U45: Tqfdl-260922-1938 | V45: kh chưa xđ thời gian lắp đặt đang chờ sale care lại>>(TQGTI.HUNGDQ5 24/09/2026 12:52:24 PM) Phân tuyến trên Inside TQGTI.HUNGDQ5>>(Hahh.tin 23/09/2026 04:08:05 PM) | W45: =VLOOKUP(R45,Sheet1!$C:$D,2,0) -> HUONGTT33
A46: 45 | B46: 11.Tay Bac Bo | C46: Tuyên Quang | D46: TQAAF1872 | E46: TIN TQG | F46: Xa Chiem Hoa-001 | G46: Chau Thi Ngan | H46: Bình thường | I46: Giga | J46: TQGPM0068GET:FPT Camera Combo, FPT Play, Internet | K46: Đã nhận ca | L46: 22-09-2026 18:09:57 | M46: Triển khai mới | N46: TQGP036.0321/HO-V/V-G | P46: tqg.thutt45 | Q46: Xa Chiem Hoa-001 | R46: TQGTI.HUNGDQ5 | S46: 24-09-2026 17:30:00 | U46: Tqfdl-260922-1872 | V46: Phân tuyến trên Inside TQGTI.HUNGDQ5>>(Hahh.tin 23/09/2026 07:44:58 AM) | W46: =VLOOKUP(R46,Sheet1!$C:$D,2,0) -> HUONGTT33
A47: 46 | B47: 11.Tay Bac Bo | C47: Tuyên Quang | D47: TQAAF1853 | E47: TIN TQG | F47: Xa Ham Yen-001- L01 | G47: Vu Dinh Duc | H47: Bình thường | I47: Giga | J47: TQGPM0068H08:FPT Camera Combo, FPT Play, Internet | K47: Đang xử lý | L47: 22-09-2026 20:06:11 | M47: Triển khai mới | N47: TQGP024.0491/HO-V/V-G | P47: tqg.trungdv27 | Q47: Xa Ham Yen-001 | R47: TQGTI.TUANLQ2 | S47: 30-09-2026 15:30:00 | U47: Tqfdl-260922-1853 | V47: Phân tuyến trên Inside TQGTI.TUANLQ2>>(Hahh.tin 23/09/2026 09:30:28 PM) Phân tuyến trên Inside TQGTI.TIENVT3>>(Hahh.tin 23/09/2026 08:35:43 AM) | W47: =VLOOKUP(R47,Sheet1!$C:$D,2,0) -> UYENHT15
A48: 47 | B48: 11.Tay Bac Bo | C48: Tuyên Quang | D48: TQAAF1917 | E48: TIN TQG | F48: Xa Ham Yen-001- L02 | G48: Ly Duc Binh | H48: Bình thường | I48: Sky | J48: TQGPM0068HEN:FPT Camera Combo, Internet | K48: Đã nhận ca | L48: 22-09-2026 21:58:02 | M48: Triển khai mới | N48: TQGP029.0115/HO-1/1-G | P48: qnh.hoangnv164 | Q48: Xa Ham Yen-001 | R48: TQGTI.HUNGCV4 | S48: 26-09-2026 17:30:00 | U48: Tqfdl-260922-1917 | W48: =VLOOKUP(R48,Sheet1!$C:$D,2,0) -> UYENHT15
A49: 48 | B49: 11.Tay Bac Bo | C49: Tuyên Quang | D49: TQAAF1883 | E49: TIN TQG | F49: Phuong My Lam-001- L02 | G49: Dang Van Vy | H49: Bình thường | I49: Giga | J49: TQGPN0068OX3:FPT Camera Combo, FPT Play, Internet | K49: Đã phân công | L49: 23-09-2026 09:10:17 | M49: Triển khai mới | N49: TQGP013.0166/HO-2/2-G | P49: tqg.tranghk4 | Q49: Phuong My Lam-001 | R49: TQGTI.ANHPH3 | S49: 24-09-2026 15:30:00 | U49: Tqfdl-260923-1883 | W49: =VLOOKUP(R49,Sheet1!$C:$D,2,0) -> HUONGTT33
A50: 49 | B50: 11.Tay Bac Bo | C50: Tuyên Quang | D50: TQFD09083 | E50: TIN TQG | F50: Phuong My Lam-001- L02 | G50: NGUYEN VAN BIEN | H50: Ngưng vì lý do thanh toán | I50: Giga | J50: SSR-TQFD09083-TDDDNN220926PB02:FPT Play, Internet | K50: Đã nhận ca | L50: 23-09-2026 09:32:42 | M50: Chuyển địa điểm | N50: TQGP013.0054/HO-16/16-G | P50: HuongTT33 | Q50: Phuong My Lam-001 | R50: TQGTI.QUANDM2 | S50: 24-09-2026 15:30:00 | U50: Tqfdl-190117-083 | V50: Phân tuyến trên Inside TQGTI.QUANDM2>>(Nghiavm1.tin 24/09/2026 07:37:16 AM) | W50: =VLOOKUP(R50,Sheet1!$C:$D,2,0) -> HUONGTT33
A51: 50 | B51: 11.Tay Bac Bo | C51: Tuyên Quang | D51: TQAAF1905 | E51: TIN TQG | F51: Phuong An Tuong-001- L02 | G51: NGUYEN VAN CUONG | H51: Bình thường | I51: Giga | J51: TQGPN0068Q0Q:FPT Play, Internet | K51: Đã nhận ca | L51: 23-09-2026 09:43:13 | M51: Triển khai mới | N51: TQGP005.0178/HO-1/1-G | P51: bgg.thuongtth20 | Q51: Phuong An Tuong-001 | R51: TQGTI.CUHA | S51: 24-09-2026 17:30:00 | U51: Tqfdl-260923-1905 | V51: Phân tuyến trên Inside TQGTI.CUHA>>(longtt.tin 23/09/2026 11:16:07 AM) | W51: =VLOOKUP(R51,Sheet1!$C:$D,2,0) -> HUONGTT33
A52: 51 | B52: 11.Tay Bac Bo | C52: Tuyên Quang | D52: TQAAF1937 | E52: TIN TQG | F52: Xa Son Duong-001- L02 | G52: DUONG VAN NAM | H52: Bình thường | I52: Sky | J52: TQGPN0068RG4:Internet | K52: Đã nhận ca | L52: 23-09-2026 10:26:18 | M52: Triển khai mới | N52: TQGP012.0099/HO-7/7-G | P52: tqg.phuongntb24 | Q52: Xa Son Duong-001 | R52: TQGTI.HUYNHNX | S52: 24-09-2026 15:30:00 | U52: Tqfdl-260923-1937 | W52: =VLOOKUP(R52,Sheet1!$C:$D,2,0) -> TQG.HANGVTT12
A53: 52 | B53: 11.Tay Bac Bo | C53: Tuyên Quang | D53: TQAAA1822 | E53: TIN TQG | F53: Xa Son Duong-001- L03 | G53: HOANG VAN BAC | H53: Bình thường | I53: Giga | J53: TQGPN0068RW6:FPT Camera Combo | K53: Đã nhận ca | L53: 23-09-2026 11:10:31 | M53: KH nâng cấp dịch vụ gia tăng | N53: TQGP012.0218/HO-2/2-G | P53: hni.haivt9 | Q53: Xa Son Duong-001 | R53: TQGTI.HANHPB | S53: 30-09-2026 12:00:00 | U53: Tqfdl-220331-1822 | W53: =VLOOKUP(R53,Sheet1!$C:$D,2,0) -> TQG.HANGVTT12
A54: 53 | B54: 11.Tay Bac Bo | C54: Tuyên Quang | D54: TQAAF1942 | E54: TIN TQG | F54: Phuong An Tuong-001- L04 | G54: NGUYEN THI LAN | H54: Bình thường | I54: Giga | J54: TQGPN0068RZE:FPT Camera Combo, FPT Play, Internet | K54: Đã nhận ca | L54: 23-09-2026 11:16:35 | M54: Triển khai mới | N54: TQGP001.0073/HO-3/3-G | P54: hni.habtt23 | Q54: Phuong An Tuong-001 | R54: TQGTI.CUHA | T54: 24-09-2026 17:30:00 | U54: Tqfdl-260923-1942 | V54: goi kh toan thue bao>>(TQGTI.CUHA 24/09/2026 09:07:40 AM) | W54: =VLOOKUP(R54,Sheet1!$C:$D,2,0) -> HUONGTT33
A55: 54 | B55: 11.Tay Bac Bo | C55: Tuyên Quang | D55: TQAAF1946 | E55: TIN TQG | F55: Phuong An Tuong-001- L01 | G55: Ngo Thi Thu Hien | H55: Bình thường | I55: Giga | J55: TQGPN0068RZR:FPT Camera Combo, FPT Play, Internet | K55: Đã nhận ca | L55: 23-09-2026 11:21:16 | M55: Triển khai mới | N55: TQGP007.0068/HO-6/6-G | P55: hni.anhnq121 | Q55: Phuong An Tuong-001 | R55: TQGTI.CUONGLM8 | S55: 29-09-2026 17:30:00 | U55: Tqfdl-260923-1946 | V55: full năng lực kt hẹn kh mai qua triển khai kh ok>>(TQGTI.CUONGLM8 23/09/2026 01:20:46 PM) | W55: =VLOOKUP(R55,Sheet1!$C:$D,2,0) -> LYHK7
A56: 55 | B56: 11.Tay Bac Bo | C56: Tuyên Quang | D56: TQAAF1951 | E56: TIN TQG | F56: Phuong Minh Xuan-001- L05 | G56: Dinh Thi Phuong | H56: Bình thường | I56: Giga | J56: TQGPN0068S3C:FPT Play, Internet | K56: Đã nhận ca | L56: 23-09-2026 11:28:28 | M56: Triển khai mới | N56: TQGP009.0050/HO-V/V-G | P56: tqg.truonght2 | Q56: Phuong Minh Xuan-001 | R56: TQGTI.TUANQD | S56: 24-09-2026 15:30:00 | U56: Tqfdl-260923-1951 | W56: =VLOOKUP(R56,Sheet1!$C:$D,2,0) -> TRANGDTH35
A57: 56 | B57: 11.Tay Bac Bo | C57: Tuyên Quang | D57: TQAAF1954 | E57: TIN TQG | F57: Xa Dong Tho-001- L02 | G57: NINH VAN KHUONG | H57: Bình thường | I57: Giga | J57: TQGPN0068S5A:FPT Play, Internet | K57: Đã nhận ca | L57: 23-09-2026 11:33:29 | M57: Triển khai mới | N57: TQGP030.0069/HO-2/2-G | P57: tqg.chungnd7 | Q57: Xa Dong Tho-001 | R57: TQGTI.NGHIANV6 | S57: 24-09-2026 15:30:00 | U57: Tqfdl-260923-1954 | W57: =VLOOKUP(R57,Sheet1!$C:$D,2,0) -> LYHK7
A58: 57 | B58: 11.Tay Bac Bo | C58: Tuyên Quang | D58: TQAAF1960 | E58: TIN TQG | F58: Xa Yen Son-001- L02 | G58: Ly Van Be | H58: Bình thường | I58: Giga | J58: TQGPN0068SJD:FPT Camera Combo, FPT Play, Internet | K58: Đã nhận ca | L58: 23-09-2026 12:21:58 | M58: Triển khai mới | N58: TQGP008.0226/HO-8/8-G | P58: tqg.cuongvn9 | Q58: Xa Hung Duc-001 | R58: TQGTI.BINHTH1 | S58: 24-09-2026 15:30:00 | U58: Tqfdl-260923-1960 | W58: =VLOOKUP(R58,Sheet1!$C:$D,2,0) -> TRANGHT28
A59: 58 | B59: 11.Tay Bac Bo | C59: Tuyên Quang | D59: TQAAF1963 | E59: TIN TQG | F59: Phuong An Tuong-001- L04 | G59: Le Hong Thai | H59: Bình thường | I59: Giga | J59: TQGPN0068SLO:FPT Play, Internet | K59: Đã nhận ca | L59: 23-09-2026 12:33:03 | M59: Triển khai mới | N59: TQGP002.0104/HO-V/V-G | P59: hdg.thangtv53 | Q59: Phuong My Lam-001 | R59: TQGTI.QUANDM2 | S59: 24-09-2026 15:30:00 | U59: Tqfdl-260923-1963 | V59: kh hen chieu>>(TQGTI.QUANDM2 24/09/2026 11:27:03 AM) | W59: =VLOOKUP(R59,Sheet1!$C:$D,2,0) -> HUONGTT33
A60: 59 | B60: 11.Tay Bac Bo | C60: Tuyên Quang | D60: TQFD10775 | E60: TIN TQG | F60: Phuong My Lam-001- L02 | G60: LE THI THOM | H60: Bình thường | I60: Giga | J60: TQGPN0068SM2:Sản phẩm khác | K60: Đã phân công | L60: 23-09-2026 12:35:22 | M60: Khách hàng mua/đổi thiết bị | N60: TQGP013.0033/HO-3/3-G | P60: tin.nhungpc | Q60: Phuong My Lam-001 | R60: TQGTI.ANHPH3 | S60: 24-09-2026 17:30:00 | U60: Tqfdl-190712-775 | W60: =VLOOKUP(R60,Sheet1!$C:$D,2,0) -> HUONGTT33
A61: 60 | B61: 11.Tay Bac Bo | C61: Tuyên Quang | D61: TQAAF1892 | E61: TIN TQG | F61: Xa Yen Son-001- L01 | G61: TRAN VAN LUU | H61: Bình thường | I61: Sky | J61: TQGPN0068TAP:Internet | K61: Đã nhận ca | L61: 23-09-2026 14:34:41 | M61: Triển khai mới | N61: TQGP038.0025/HO-V/V-G | P61: tqg.tranghk4 | Q61: Xa Yen Son-001 | R61: TQGTI.CUONGDD9 | S61: 26-09-2026 10:00:00 | U61: Tqfdl-260923-1892 | W61: =VLOOKUP(R61,Sheet1!$C:$D,2,0) -> TRANGDTH35
A62: 61 | B62: 11.Tay Bac Bo | C62: Tuyên Quang | D62: TQAAF1975 | E62: TIN TQG | F62: Xa Chiem Hoa-001- L01 | G62: MA THI NGA | H62: Bình thường | I62: Giga | J62: TQGPN0068TOK:FPT Camera Combo, FPT Play, Internet | K62: Đã nhận ca | L62: 23-09-2026 15:23:19 | M62: Triển khai mới | N62: TQGP036.0347/HO-V/V-G | P62: tqg.linhnt356 | Q62: Xa Chiem Hoa-001 | R62: TQGTI.HOANQV | S62: 30-09-2026 17:30:00 | U62: Tqfdl-260923-1975 | W62: =VLOOKUP(R62,Sheet1!$C:$D,2,0) -> HUONGTT33
A63: 62 | B63: 11.Tay Bac Bo | C63: Tuyên Quang | D63: TQAAF1868 | E63: TIN TQG | F63: Xa Ham Yen-001- L04 | G63: Ma Thi Tam | H63: Bình thường | I63: Giga | J63: TQGPN0068S7P:FPT Camera Combo, FPT Play, Internet | K63: Đã nhận ca | L63: 23-09-2026 15:29:34 | M63: Triển khai mới | N63: TQGP037.0144/HO-1/1-G | P63: tqg.quangtv30 | Q63: Xa Ham Yen-001 | R63: TQGTI.HUNGCV4 | S63: 30-09-2026 12:00:00 | U63: Tqfdl-260923-1868 | W63: =VLOOKUP(R63,Sheet1!$C:$D,2,0) -> UYENHT15
A64: 63 | B64: 11.Tay Bac Bo | C64: Tuyên Quang | D64: TQAAF1981 | E64: TIN TQG | F64: Xa Chiem Hoa-001- L04 | G64: Ha Thi Thuan | H64: Bình thường | I64: Sky | J64: TQGPN0068TXK:Internet | K64: Đã nhận ca | L64: 23-09-2026 15:50:52 | M64: Triển khai mới | N64: TQGP033.0235/HO-4/4-G | P64: tqg.tuenv3 | Q64: Xa Chiem Hoa-001 | R64: TQGTI.TIENVT3 | T64: 26-09-2026 10:00:00 | U64: Tqfdl-260923-1981 | W64: =VLOOKUP(R64,Sheet1!$C:$D,2,0) -> UYENHT15
A65: 64 | B65: 11.Tay Bac Bo | C65: Tuyên Quang | D65: TQAAF1984 | E65: TIN TQG | F65: Xa Chiem Hoa-001- L01 | G65: Hoang Van Hai | H65: Bình thường | I65: Sky | J65: TQGPN0068U56:FPT Camera Combo, Internet | K65: Đã nhận ca | L65: 23-09-2026 16:13:32 | M65: Triển khai mới | N65: TQGP036.0349/HO-V/V-G | P65: tqg.datnt473 | Q65: Xa Chiem Hoa-001 | R65: TQGTI.HOANQV | S65: 25-09-2026 10:00:00 | U65: Tqfdl-260923-1984 | V65: Phân tuyến trên Inside TQGTI.HOANQV>>(Hahh.tin 23/09/2026 09:42:20 PM) | W65: =VLOOKUP(R65,Sheet1!$C:$D,2,0) -> HUONGTT33
A66: 65 | B66: 11.Tay Bac Bo | C66: Tuyên Quang | D66: TQAAF1987 | E66: TIN TQG | F66: Phuong Minh Xuan-001- L02 | G66: Luong Thi Thu Hang | H66: Bình thường | I66: Giga | J66: TQGPN0068U9N:FPT Camera Combo, FPT Play, Internet | K66: Đang xử lý | L66: 23-09-2026 16:28:43 | M66: Triển khai mới | N66: TQGP006.0194/HO-5/5-G | P66: tqg.dunght29 | Q66: Phuong Minh Xuan-001 | R66: TQGTI.DANGNV | S66: 24-09-2026 10:00:00 | U66: Tqfdl-260923-1987 | W66: =VLOOKUP(R66,Sheet1!$C:$D,2,0) -> TRANGHT28
A67: 66 | B67: 11.Tay Bac Bo | C67: Tuyên Quang | D67: TQAAF1990 | E67: TIN TQG | F67: Xa Nhu Khe-001- L01 | G67: VUONG THI LUAN | H67: Bình thường | I67: Giga | J67: TQGPN0068UH5:FPT Camera Combo, FPT Play, Internet | K67: Đã nhận ca | L67: 23-09-2026 16:53:58 | M67: Triển khai mới | N67: TQGP005.0202/HO-5/5-G | P67: hni.daind8 | Q67: Xa Nhu Khe-001 | R67: TQGTI.CAONB | S67: 24-09-2026 15:30:00 | U67: Tqfdl-260923-1990 | W67: =VLOOKUP(R67,Sheet1!$C:$D,2,0) -> ANHHV15
A68: 67 | B68: 11.Tay Bac Bo | C68: Tuyên Quang | D68: TQAAF1985 | E68: TIN TQG | F68: Xa Chiem Hoa-001 | G68: Quan Thi Hoa | H68: Bình thường | I68: Giga | J68: TQGPN0068UP0:FPT Camera Combo, FPT Play, Internet | K68: Đã nhận ca | L68: 23-09-2026 17:27:13 | M68: Triển khai mới | N68: TQGP036.0201/HO-V/V-G | P68: tqg.datnt473 | Q68: Xa Chiem Hoa-001 | R68: TQGTI.CHIENMM | T68: 24-09-2026 17:30:00 | U68: Tqfdl-260923-1985 | W68: =VLOOKUP(R68,Sheet1!$C:$D,2,0) -> HUONGTT33
A69: 68 | B69: 11.Tay Bac Bo | C69: Tuyên Quang | D69: TQAAF1912 | E69: TIN TQG | F69: Xa Chiem Hoa-001 | G69: Ma Thi Hong | H69: Bình thường | I69: Sky | J69: TQGPN0068W6S:FPT Camera Combo, Internet | K69: Đã nhận ca | L69: 23-09-2026 21:40:01 | M69: Triển khai mới | N69: TQGP036.0201/HO-V/V-G | P69: tqg.datnt473 | Q69: Xa Chiem Hoa-001 | R69: TQGTI.HUNGDQ5 | S69: 25-09-2026 12:00:00 | U69: Tqfdl-260923-1912 | W69: =VLOOKUP(R69,Sheet1!$C:$D,2,0) -> HUONGTT33
A70: 69 | B70: 11.Tay Bac Bo | C70: Tuyên Quang | D70: TQAAF1902 | E70: TIN TQG | F70: Phuong An Tuong-001- L04 | G70: Ha Van Toi | H70: Bình thường | I70: Sky | J70: TQGPO0068YLQ:Internet | K70: Đã nhận ca | L70: 24-09-2026 07:42:43 | M70: Triển khai mới | N70: TQGP002.0105/HO-V/V-G | P70: tqg.vuinv4 | Q70: Phuong An Tuong-001 | R70: TQGTI.CUHA | S70: 25-09-2026 12:00:00 | U70: Tqfdl-260924-1902 | W70: =VLOOKUP(R70,Sheet1!$C:$D,2,0) -> HUONGTT33
A71: 70 | B71: 11.Tay Bac Bo | C71: Tuyên Quang | D71: TQAAF1916 | E71: TIN TQG | F71: Xa Phu Luong-001- L03 | G71: NGUYEN HUONG QUYNH | H71: Bình thường | I71: Giga | J71: TQGPO0068ZBK:FPT Play, Internet | K71: Đã nhận ca | L71: 24-09-2026 07:53:11 | M71: Triển khai mới | N71: TQGP027.0133/HO-1/1-G | P71: tqg.phuongntb24 | Q71: Xa Phu Luong-001 | R71: TQGTI.QUYETNT1 | S71: 24-09-2026 17:30:00 | U71: Tqfdl-260924-1916 | W71: =VLOOKUP(R71,Sheet1!$C:$D,2,0) -> TAMVTT5
A72: 71 | B72: 11.Tay Bac Bo | C72: Tuyên Quang | D72: TQAAA7509 | E72: TIN TQG | F72: Xa Son Duong-001- L02 | G72: LA TIEN TRONG | H72: Bình thường | I72: Sky | J72: SSR-TQAAA7509-TDDDAM24092627BU:Internet | K72: Đang xử lý | L72: 24-09-2026 08:14:31 | M72: Chuyển địa điểm | N72: TQGP012.0068/HO-4/4-G | P72: UyenHT15 | Q72: Xa Son Duong-001 | R72: TQGTI.HUYNHNX | S72: 24-09-2026 17:30:00 | U72: Tqfdl-230114-7509 | W72: =VLOOKUP(R72,Sheet1!$C:$D,2,0) -> TQG.HANGVTT12
A73: 72 | B73: 11.Tay Bac Bo | C73: Tuyên Quang | D73: TQAAF1924 | E73: TIN TQG | F73: Xa Chiem Hoa-001 | G73: MA DUC HUNG | H73: Bình thường | I73: Giga | J73: TQGPN0068V16:FPT Camera Combo, FPT Play, Internet | K73: Đã nhận ca | L73: 24-09-2026 08:29:46 | M73: Triển khai mới | N73: TQGP036.0201/HO-V/V-G | P73: tqg.hieplv12 | Q73: Xa Chiem Hoa-001 | R73: TQGTI.CHIENMM | S73: 25-09-2026 10:00:00 | U73: Tqfdl-260924-1924 | W73: =VLOOKUP(R73,Sheet1!$C:$D,2,0) -> HUONGTT33
A74: 73 | B74: 11.Tay Bac Bo | C74: Tuyên Quang | D74: TQAAC0419 | E74: TIN TQG | F74: Xa Son Duong-001- L01 | G74: HOANG THI THOA | H74: Bình thường | I74: Giga | J74: TQGPO00693GM:FPT Camera Combo | K74: Đã nhận ca | L74: 24-09-2026 09:17:38 | M74: KH nâng cấp dịch vụ gia tăng | N74: TQGP022.0193/HO-1/1-G | P74: hni.anhtm12 | Q74: Xa Son Duong-001 | R74: TQGTI.CONGND4 | S74: 27-09-2026 12:00:00 | U74: Tqfdl-241109-0419 | W74: =VLOOKUP(R74,Sheet1!$C:$D,2,0) -> LYHK7
A75: 74 | B75: 11.Tay Bac Bo | C75: Tuyên Quang | D75: TQAAF1934 | E75: TIN TQG | F75: Phuong Minh Xuan-001- L02 | G75: Dinh Van Thong | H75: Bình thường | I75: Giga | J75: TQGPO00693MB:FPT Play, Internet | K75: Đã nhận ca | L75: 24-09-2026 09:22:32 | M75: Triển khai mới | N75: TQGP006.0068/HO-10/10-G | P75: tqg.hatt47 | Q75: Phuong Minh Xuan-001 | R75: TQGTI.DANGNV | S75: 25-09-2026 12:00:00 | U75: Tqfdl-260924-1934 | W75: =VLOOKUP(R75,Sheet1!$C:$D,2,0) -> TRANGHT28
A76: 75 | B76: 11.Tay Bac Bo | C76: Tuyên Quang | D76: TQAAF1943 | E76: TIN TQG | F76: Phuong My Lam-001- L02 | G76: Nguyen Van Thai | H76: Bình thường | I76: Giga | J76: TQGPO00693SR:FPT Play, Internet | K76: Đã phân công | L76: 24-09-2026 09:28:32 | M76: Triển khai mới | N76: TQGP013.0054/HO-9/9-G | P76: hcm.nhungpy | Q76: Phuong My Lam-001 | R76: TQGTI.THANHNV41 | S76: 25-09-2026 12:00:00 | U76: Tqfdl-260924-1943 | V76: Phân tuyến trên Inside TQGTI.THANHNV41>>(Nghiavm1.tin 24/09/2026 10:25:00 AM) | W76: =VLOOKUP(R76,Sheet1!$C:$D,2,0) -> ANHHV15
A77: 76 | B77: 11.Tay Bac Bo | C77: Tuyên Quang | D77: TQAAB8185 | E77: TIN TQG | F77: Xa Ham Yen-001 | G77: NGUYEN TRUONG GIANG | H77: Đã chấm dứt hợp đồng | I77: Sky | J77: TQGPO006944J:Internet | K77: Đã phân công | L77: 24-09-2026 09:55:43 | M77: Khôi phục dịch vụ | P77: tqg.uyenht15 | Q77: Xa Ham Yen-001 | R77: TQGTI.LUCMDC | S77: 24-09-2026 15:30:00 | U77: Tqfdl-240810-8185 | V77: Phân tuyến trên Inside TQGTI.LUCMDC>>(Hahh.tin 24/09/2026 10:47:58 AM) Phân tuyến trên Inside TQGTI.TUANLQ2>>(Hahh.tin 24/09/2026 10:42:32 AM) | W77: =VLOOKUP(R77,Sheet1!$C:$D,2,0) -> UYENHT15
A78: 77 | B78: 11.Tay Bac Bo | C78: Tuyên Quang | D78: TQFD01682 | E78: TIN TQG | F78: Phuong An Tuong-001 | G78: Nguyen Thi Mai | H78: Đã chấm dứt hợp đồng | I78: Sky | J78: TQGPO006944W:Internet | K78: Đã phân công | L78: 24-09-2026 09:56:24 | M78: Khôi phục dịch vụ | P78: tqg.tin.nghiavm1 | Q78: Xa Son Duong-002 | R78: TQGTI.GIANGLV2 | U78: Tqfdl-160106-682 | V78: Phân tuyến trên Inside TQGTI.GIANGLV2>>(Nghiavm1.tin 24/09/2026 10:05:54 AM) | W78: =VLOOKUP(R78,Sheet1!$C:$D,2,0) -> TQG.HANGVTT12
A79: 78 | B79: 11.Tay Bac Bo | C79: Tuyên Quang | D79: TQAAF1875 | E79: TIN TQG | F79: Xa Ham Yen-001- L02 | G79: Nguyen Van Hoi | H79: Bình thường | I79: Giga | J79: TQGPO006910O:FPT Play, Internet | K79: Đã nhận ca | L79: 24-09-2026 10:01:58 | M79: Triển khai mới | N79: TQGP029.0115/HO-1/1-G | P79: tqg.quangtv30 | Q79: Xa Ham Yen-001 | R79: TQGTI.CAOTT | S79: 24-09-2026 15:30:00 | U79: Tqfdl-260923-1875 | W79: =VLOOKUP(R79,Sheet1!$C:$D,2,0) -> UYENHT15
A80: 79 | B80: 11.Tay Bac Bo | C80: Tuyên Quang | D80: TQAAF1949 | E80: TIN TQG | F80: Xa Ham Yen-001- L01 | G80: NGUYEN THI LIEN | H80: Bình thường | I80: Sky | J80: TQGPO006950H:Internet | K80: Đã phân công | L80: 24-09-2026 11:11:08 | M80: Triển khai mới | N80: TQGP024.0066/HO-2/2-G | P80: tqg.oanhhtk | Q80: Xa Ham Yen-001 | R80: TQGTI.LUCMDC | S80: 25-09-2026 10:00:00 | T80: 24-09-2026 17:30:00 | U80: Tqfdl-260924-1949 | W80: =VLOOKUP(R80,Sheet1!$C:$D,2,0) -> UYENHT15
A81: 80 | B81: 11.Tay Bac Bo | C81: Tuyên Quang | D81: TQAAF1956 | E81: TIN TQG | F81: Phuong Minh Xuan-001- L05 | G81: Khuat Thi Hang Ngan | H81: Bình thường | I81: Giga | J81: TQGPO00695B7:FPT Camera Combo, FPT Play, Internet | K81: Đã phân công | L81: 24-09-2026 11:34:49 | M81: Triển khai mới | N81: TQGP009.0181/HO-4/4-G | P81: tqg.quyenhtl | Q81: Phuong Minh Xuan-001 | R81: TQGTI.TUANQD | S81: 25-09-2026 12:00:00 | U81: Tqfdl-260924-1956 | W81: =VLOOKUP(R81,Sheet1!$C:$D,2,0) -> TRANGDTH35
A82: 81 | B82: 11.Tay Bac Bo | C82: Tuyên Quang | D82: TQAAF1961 | E82: TIN TQG | F82: Xa Chiem Hoa-001- L04 | G82: Nong Tien Tue | H82: Bình thường | I82: Sky | J82: TQGPO00695SX:FPT Camera Combo, Internet | K82: Đã nhận ca | L82: 24-09-2026 12:35:51 | M82: Triển khai mới | N82: TQGP033.0231/HO-8/8-G | P82: tqg.quangtv30 | Q82: Xa Chiem Hoa-001 | R82: TQGTI.TIENVT3 | S82: 25-09-2026 12:00:00 | U82: Tqfdl-260924-1961 | W82: =VLOOKUP(R82,Sheet1!$C:$D,2,0) -> UYENHT15
A83: 82 | B83: 11.Tay Bac Bo | C83: Tuyên Quang | D83: TQAAF1962 | E83: TIN TQG | F83: Xa Chiem Hoa-001- L04 | G83: Ha Thi Xam | H83: Bình thường | I83: Sky | J83: TQGPO00695TL:FPT Camera Combo, Internet | K83: Đã phân công | L83: 24-09-2026 12:38:28 | M83: Triển khai mới | N83: TQGP033.0226/HO-8/8-G | P83: tqg.quangtv30 | Q83: Xa Chiem Hoa-001 | R83: TQGTI.TIENVT3 | S83: 24-09-2026 15:30:00 | U83: Tqfdl-260924-1962 | W83: =VLOOKUP(R83,Sheet1!$C:$D,2,0) -> UYENHT15

Sheet Sheet1
A1: Đã kiểm soát | C1: NS chính | D1: NS DVKH
A2: Đang kiểm soát | C2: TQGTI.GIANGVH2 | D2: ANHHV15
C3: TQGTI.THANHNV41 | D3: ANHHV15
C4: TQGTI.CAONB | D4: ANHHV15
C5: TQGTI.KHANHLQ1 | D5: ANHHV15
C6: TQGTI.CUHA | D6: HUONGTT33
C7: TQGTI.QUANDM2 | D7: HUONGTT33
C8: TQGTI.ANHPH3 | D8: HUONGTT33
C9: TQGTI.HOANQV | D9: HUONGTT33
C10: TQGTI.CHIENMM | D10: HUONGTT33
C11: TQGTI.HUNGDQ5 | D11: HUONGTT33
C12: TQGTI.CUONGLM8 | D12: LYHK7
C13: TQGTI.NGHIANV6 | D13: LYHK7
C14: TQGTI.CONGND4 | D14: LYHK7
... C35: TQGTI.HUNGCV4 | D35: UYENHT15
